,Latitude,Longitude,0,1,2,3,4,5,6,7,8,9,10,11
1567,60.74815273,-43.59782894,2494,14,2262,12,4595,5,3142,11,2930,11,,
4214,63.22289496,-67.83726067,4335,9,1621,12,4610,11,,,,,,
2797,46.99094232,-54.2889847,1389,7,6647,6,4359,14,,,,,,
4807,20.06087528,-75.20468532,5913,14,2475,10,6033,6,4784,11,4443,8,,
5642,64.8048989,-83.589731,2659,10,3259,12,6833,15,3519,7,1293,7,,
5015,19.07870442,-87.67942258,6422,10,2078,13,4595,5,,,,,,
4421,19.22805251,-87.61323998,683,12,3267,15,2769,14,6510,9,1530,9,6145,8
4232,19.42422267,-87.54849839,2299,15,5936,12,1399,6,4687,12,4485,8,3803,14
1147,19.5766082,-87.50560658,3066,5,190,7,3240,8,3768,11,3002,9,,
3786,19.68505916,-87.47518308,3575,6,6756,5,1280,7,5457,9,3886,12,5909,5
1904,19.7618058,-87.45238216,2296,13,6205,11,1216,15,4974,9,,,,
1399,19.81606646,-87.43514295,2185,12,4230,9,4232,6,4873,8,627,14,,
3727,19.86397008,-87.41891896,5696,7,1148,9,4283,5,1131,8,,,,
4209,19.92874519,-87.39553239,4962,7,1436,13,1966,11,,,,,,
1007,20.01958111,-87.36043225,137,9,655,7,468,8,,,,,,
1435,20.14623196,-87.3084658,4869,13,4803,5,3808,15,5609,6,5760,8,,
3142,20.31644784,-87.23702708,4163,11,1567,11,6621,13,,,,,,
3259,20.45794398,-87.18028258,2896,13,4320,7,5642,12,4871,15,5411,8,2131,11
2772,20.55971397,-87.14304615,6539,11,3293,11,5858,12,2882,8,,,,
2494,20.63270761,-87.11895431,2840,6,1567,14,3263,11,2299,6,3537,9,,
3723,20.69065321,-87.10169299,4068,5,3080,12,6271,6,,,,,,
4871,20.76571456,-87.08204619,4428,7,4129,12,3259,15,3497,10,4566,12,,
6794,20.87260935,-87.05992202,1402,11,2666,10,2617,11,728,6,,,,
3122,21.02454158,-87.04283398,3263,7,5463,8,4110,8,627,12,,,,
1280,21.23772671,-87.06146941,5793,8,5436,7,3786,7,6462,14,2207,5,,
1324,21.43464784,-87.18159382,2624,9,4449,15,6647,7,608,14,,,,
3476,21.53576962,-87.40403551,3233,6,3315,12,6285,11,1162,10,6392,6,,
2592,21.56331178,-87.59175005,3315,10,2163,12,,,,,,,,
698,21.56803591,-87.72679459,3519,13,5793,10,5730,9,2033,14,655,13,2372,10
6283,21.5662041,-87.82269747,627,11,728,7,2611,6,4874,6,,,,
4192,21.56282532,-87.8908182,2811,13,,,,,,,,,,
2649,21.55948584,-87.93970245,4495,11,2544,8,861,5,2372,10,5838,9,5690,7
3374,21.55526568,-87.99074125,4114,5,2469,8,2296,15,1993,12,2864,12,,
5760,21.54818514,-88.06225736,5239,5,4230,15,1435,8,,,,,,
53,21.53618812,-88.16251993,2264,14,2319,6,,,,,,,,
4593,21.51591924,-88.30312952,6627,7,4975,6,4495,14,6587,15,4055,12,,
1775,21.48706355,-88.47478763,627,11,2680,7,3495,8,2173,13,,,,
6301,21.46357188,-88.60319377,4981,5,4702,8,5457,5,5719,5,,,,
2372,21.44641046,-88.6942651,4526,13,2649,10,4525,5,5475,11,698,10,,
6922,21.43413914,-88.75900362,1770,8,5025,7,1425,15,,,,,,
5411,21.42542884,-88.80510574,2173,11,5308,9,3315,9,3259,8,6106,12,3538,9
6784,21.41927869,-88.83785684,76,10,2930,5,4523,5,5609,13,,,,
5990,21.41493615,-88.86112767,6182,13,1248,5,,,,,,,,
3750,21.41186763,-88.87766132,1402,14,4981,7,1666,6,,,,,,
3918,21.40953435,-88.89029046,1248,10,3101,12,6625,11,979,9,,,,
2299,21.40665924,-88.90591915,3926,13,4232,15,2494,6,,,,,,
6392,21.40263024,-88.92791861,123,8,2033,8,6285,7,2617,5,3476,6,,
629,21.39698008,-88.95888817,1072,12,2105,13,5598,12,4956,6,,,,
1386,21.3890342,-89.00245865,3293,11,2163,12,,,,,,,,
6675,21.37776858,-89.06366227,3233,8,2375,15,4183,10,1915,6,7017,15,,
1389,21.36141345,-89.14970714,5629,8,3102,8,2797,7,,,,,,
6758,21.33659842,-89.2702046,4730,14,2634,9,241,6,3575,15,,,,
3951,21.29560562,-89.43812014,6970,6,3882,10,5634,12,656,7,5475,15,,
850,21.2379199,-89.61851836,6040,15,5544,12,,,,,,,,
3850,21.18534033,-89.74340087,4110,11,6764,10,26,5,2882,11,6024,7,4925,6
6222,21.13495148,-89.83946408,2125,9,5640,8,5831,11,,,,,,
2298,21.05874732,-89.95713015,6411,14,6833,7,3113,14,994,12,4068,14,5640,7
6265,20.93332014,-90.10808162,5314,6,3066,11,,,,,,,,
699,20.78430115,-90.24541852,266,7,,,,,,,,,,
4110,20.66853839,-90.33069663,3850,11,2009,6,3122,8,4762,9,,,,
4572,20.5824757,-90.38460671,2375,15,6872,5,3699,8,4609,15,877,7,5561,10
6285,20.51423604,-90.42236354,327,11,6647,15,6392,7,3476,11,3087,7,,
6400,20.42675173,-90.46537549,5308,8,327,5,844,15,6351,15,,,,
469,20.30113737,-90.51954357,5936,14,2118,8,2740,15,2202,15,1407,6,1621,11
3267,20.12358154,-90.5876891,3534,9,4021,14,2222,13,4421,15,1436,15,,
4436,19.96217496,-90.64809851,6163,9,3670,8,,,,,,,,
882,19.8482967,-90.69355293,6157,12,4502,15,355,15,2930,5,,,,
6647,19.76833651,-90.72839597,6271,8,6285,15,1324,7,4639,7,2797,6,6833,5
5962,19.71001086,-90.75596713,2444,7,4968,11,,,,,,,,
4784,19.642743,-90.79050549,2437,15,2041,15,4807,11,,,,,,
2814,19.55021285,-90.84333301,4981,9,3808,7,,,,,,,,
2134,19.42477806,-90.92637422,1190,12,6625,14,123,8,5067,7,,,,
2666,19.26579506,-91.05599785,15,13,6794,10,5858,8,,,,,,
5975,19.14397014,-91.18179766,102,8,76,11,5320,9,3072,6,3357,10,,
5457,19.06651015,-91.28006154,392,7,3795,7,2207,11,3786,9,6301,5,3580,10
4195,19.00796539,-91.36852987,3528,5,2141,13,2934,11,,,,,,
4981,19.10716165,-96.05690444,4525,9,2607,9,6301,5,2814,9,3750,7,6873,12
4495,19.21729905,-96.13979746,4435,11,2649,11,4593,14,6491,6,1613,12,6959,10
5774,19.29775816,-96.19540017,6461,12,2952,6,1281,5,,,,,,
3263,19.35559301,-96.23367687,2033,5,2494,11,3122,7,3275,9,802,7,,
1321,19.3969804,-96.26046557,1293,10,4335,7,,,,,,,,
3795,19.42655216,-96.27938523,5457,7,3575,5,5898,15,,,,,,
266,19.44756015,-96.29274347,699,7,1215,11,,,,,,,,
3537,19.46251391,-96.30222066,2262,11,2494,9,6682,5,102,14,3319,6,,
3802,19.47315615,-96.30895312,1281,12,3768,7,1293,14,5609,12,,,,
5577,19.48071671,-96.31373118,5625,8,5598,10,1613,13,,,,,,
5331,19.48610796,-96.3171363,5858,12,4525,14,708,8,2811,14,830,12,,
1870,19.49126585,-96.32039271,95,5,4443,7,994,11,6807,13,4480,11,,
6422,19.49844504,-96.32492324,4183,12,5838,8,5015,10,4179,8,4256,15,1045,12
6655,19.50854649,-96.33129405,1148,11,4085,10,1714,9,5418,13,,,,
3987,19.52274421,-96.34024107,4502,14,6011,15,4358,7,3002,8,,,,
1248,19.542729,-96.35282163,3918,10,3349,13,5990,5,5978,5,,,,
2940,19.57088108,-96.37051995,6453,8,,,,,,,,,,
5436,19.61046955,-96.39536909,1280,7,2398,14,3942,15,6024,5,,,,
4202,19.66623015,-96.43031397,1054,9,1875,5,2952,10,,,,,,
2539,19.74459914,-96.4793784,509,8,,,,,,,,,,
190,19.85495557,-96.54854009,1147,7,4968,10,2933,14,5965,8,1268,14,,
5936,19.97830701,-96.62624319,469,14,4544,10,4232,12,,,,,,
4855,20.06694651,-96.68254418,2009,8,1087,7,3744,15,5214,7,2264,11,4803,8
2586,20.12983251,-96.72281391,7017,15,2781,10,3670,9,,,,,,
4812,20.17445647,-96.75158752,5292,13,4485,10,3869,11,,,,,,
3860,20.2061299,-96.77212283,979,7,3568,15,1805,12,,,,,,
5793,20.2286338,-96.78677428,1280,8,698,10,1072,13,5612,15,,,,
2420,20.24460938,-96.79720786,3920,9,,,,,,,,,,
5865,20.25596879,-96.80464365,6627,10,5025,12,5213,14,1163,5,912,10,,
5243,20.26403584,-96.80993308,194,9,4365,9,4035,15,,,,,,
1045,20.27060052,-96.81424289,4256,10,5927,13,3808,8,6422,12,2511,15,,
2912,20.27926049,-96.81993556,6580,10,1076,7,3196,11,,,,,,
5994,20.29144167,-96.82795626,5025,15,2634,9,5598,6,,,,,,
327,20.30859172,-96.83927329,5927,8,6285,11,6400,5,4960,7,6855,6,,
3077,20.33264627,-96.85518977,3859,10,4960,13,6571,11,,,,,,
7017,20.36652207,-96.87767598,2586,15,966,12,6675,15,102,5,378,6,,
6677,20.41402819,-96.90930927,3554,6,6621,12,4968,10,2026,12,6040,14,,
6369,20.4810326,-96.9540082,2475,12,3557,14,,,,,,,,
3302,20.57512611,-97.0166165,6627,9,2510,13,5700,13,2508,12,902,5,,
5544,20.70528796,-97.10203986,4925,8,229,10,850,12,1215,8,3495,7,,
912,20.81988757,-97.17515785,5938,5,4482,15,1297,6,5865,10,4259,11,,
2378,20.90222064,-97.22597284,2740,8,4588,10,,,,,,,,
3568,20.96114555,-97.26127004,4406,15,1084,10,3860,15,1189,6,5992,14,,
4874,21.00324876,-97.28587901,5978,5,3485,12,3920,8,5696,6,6283,6,,
3407,21.03335972,-97.30314371,1885,11,2634,5,5740,11,2324,12,,,,
5239,21.06193414,-97.31925802,4473,12,3184,9,5760,5,5576,5,,,,
858,21.10180645,-97.34130117,5170,13,656,8,4216,14,,,,,,
1661,21.15826224,-97.37162869,4428,14,4544,15,,,,,,,,
4320,21.23838748,-97.41288692,4631,5,3259,7,1407,14,4595,11,,,,
2635,21.35221036,-97.46787794,3519,12,3589,12,392,15,,,,,,
5720,21.50803726,-97.53621446,2472,11,3244,15,6977,14,15,5,,,,
4610,21.63907802,-97.5873952,6156,14,2222,15,3589,7,4214,11,4782,8,,
5085,21.73343547,-97.62064946,3467,12,4513,6,6024,10,4480,13,3768,9,5810,12
4435,21.80091478,-97.64256462,4495,11,3726,7,704,7,,,,,,
5508,21.84910497,-97.65725539,962,15,6033,8,1407,11,,,,,,
1162,21.88897021,-97.66880086,6510,12,83,7,3476,10,2683,5,,,,
6885,21.94192028,-97.68329365,5598,11,5119,7,4982,10,3761,14,1915,7,5730,15
4639,22.01693177,-97.70221439,6048,11,6453,14,6647,7,,,,,,
3240,22.1229706,-97.72582945,1915,9,2307,9,3073,5,1147,8,2719,5,,
530,22.27332144,-97.75324938,348,7,2933,13,,,,,,,,
468,22.43537231,-97.7751595,5214,12,1142,8,3034,8,1007,8,,,,
5583,22.55194029,-97.78619208,6339,6,4428,7,6461,11,,,,,,
2840,22.63488527,-97.79169593,2324,13,2494,6,1190,8,6102,9,2149,11,,
201,22.69394379,-97.79444478,2442,11,,,,,,,,,,
6375,22.73592074,-97.79581291,728,9,4925,12,5640,7,3700,6,,,,
6991,22.77180516,-97.79660106,6828,7,2510,13,4283,10,,,,,,
5971,22.82044537,-97.79714341,5035,5,1297,12,2774,15,,,,,,
6756,22.88886832,-97.79699862,5885,14,3786,5,1436,8,6452,14,1438,15,,
2296,22.985123,-97.79532176,1904,13,3078,6,6381,5,3374,15,,,,
3678,23.12053704,-97.79094723,4230,10,2537,9,,,,,,,,
3519,23.28892852,-97.78418382,2635,12,698,13,1966,10,5979,8,3244,13,5642,7
2236,23.41634296,-97.77966134,5628,14,137,14,2934,6,4264,15,2537,6,3719,6
3349,23.50688726,-97.77750357,15,5,1248,13,,,,,,,,
2674,23.57132126,-97.77678101,1874,13,603,12,5838,14,,,,,,
4259,23.61708021,-97.77677944,3034,11,6539,6,6432,11,912,11,,,,
3391,23.65031455,-97.77708245,6182,6,,,,,,,,,,
3726,23.68685802,-97.77771986,2505,15,4435,7,3495,7,5978,11,708,14,4304,8
3319,23.73821042,-97.77908135,2375,7,1714,12,6011,7,3537,6,,,,
194,23.81044692,-97.78170496,5243,9,,,,,,,,,,
6908,23.91202261,-97.78619822,3728,12,1473,9,4613,5,2231,11,6432,6,4780,10
5885,24.05494134,-97.79242236,5326,14,6756,14,552,11,4359,15,2222,9,,
6314,24.23770036,-97.79621415,2173,13,,,,,,,,,,
3227,24.3789918,-97.79242244,2131,11,5531,6,1592,9,,,,,,
5938,24.47917416,-97.78439707,912,5,,,,,,,,,,
4566,24.55342572,-97.77484251,6461,9,6673,10,1004,10,4963,6,4871,12,,
3882,24.64123058,-97.75931347,4021,8,3951,10,5213,13,5119,14,,,,
5576,24.76375297,-97.73096899,1425,15,4299,12,5239,5,6020,6,,,,
4163,24.93185146,-97.68234984,2444,15,3080,5,3142,11,1215,8,3596,5,6621,14
3196,25.08556674,-97.63173865,5734,13,4068,9,3580,9,2912,11,4406,11,,
5170,25.19441416,-97.59450452,858,13,4782,5,6411,10,6200,14,,,,
2617,25.27175394,-97.56821673,6392,5,6794,11,2427,14,3741,11,6443,15,,
1438,25.32686728,-97.5498816,76,9,6756,15,,,,,,,,
2038,25.36608645,-97.53714724,5236,8,2202,12,,,,,,,,
2125,25.39445376,-97.52813946,6222,9,4443,15,,,,,,,,
6958,25.42472399,-97.51873898,5700,12,,,,,,,,,,
2207,25.46726894,-97.50590858,6157,6,5457,11,1280,5,4975,10,5273,12,6412,9
6409,25.5273829,-97.48856552,3804,12,3102,11,,,,,,,,
2033,25.61219554,-97.46573131,3263,5,5871,9,6392,8,698,14,5353,11,,
2363,25.73223641,-97.43688042,5964,9,3719,7,4473,11,1124,15,,,,
6433,25.89844772,-97.40418469,584,8,1968,5,877,15,2683,13,5061,5,,
6339,26.04309859,-97.38319034,2782,10,5583,6,2473,6,,,,,,
2505,26.14648429,-97.37278045,3726,15,2191,15,2026,5,4310,8,,,,
4588,26.22009523,-97.36784167,5734,13,1874,8,2378,10,,,,,,
2544,26.27314621,-97.36561007,5320,7,2649,8,,,,,,,,
6852,26.32904432,-97.36444804,5871,13,3275,6,,,,,,,,
5734,26.40737976,-97.36453611,3196,13,348,13,4588,13,1190,15,4358,5,,
6828,26.51772637,-97.36707393,6991,7,,,,,,,,,,
601,26.67267581,-97.37266404,2510,15,902,9,5992,6,4982,7,,,,
4070,26.86445837,-97.37685837,3311,12,4912,8,,,,,,,,
26,27.00891224,-97.37312347,4473,5,3850,5,499,5,,,,,,
1993,27.1112611,-97.36447573,3374,12,6432,14,,,,,,,,
3761,27.19058455,-97.35326991,4476,10,5156,15,4304,8,2475,15,6885,14,,
2425,27.29074519,-97.33295419,3755,14,3744,10,708,13,,,,,,
6381,27.42962371,-97.29364629,3819,11,2296,5,,,,,,,,
83,27.60953621,-97.22402375,4912,6,4803,11,1162,7,5273,12,1770,13,2472,11
5353,27.75085909,-97.15489441,5634,15,4230,14,2033,11,3526,8,,,,
552,27.84886435,-97.09960994,2307,13,5885,11,758,10,6453,7,6156,12,,
1163,27.91721093,-97.05751935,4299,8,456,8,655,15,5273,10,5865,5,1348,13
5156,27.96514652,-97.02626808,603,5,4592,13,3761,15,5049,10,3886,13,,
3275,28.00547482,-96.99886521,2078,8,6852,6,3263,9,3233,15,,,,
1805,28.05919734,-96.96067585,4553,6,6873,15,5379,13,5927,12,3860,12,,
5656,28.13338461,-96.90437,800,15,3073,14,,,,,,,,
3554,28.23442382,-96.81971249,5768,10,6677,6,6510,5,,,,,,
3066,28.36816193,-96.68888585,5629,11,1714,11,1147,5,5801,11,4990,10,6265,11
4912,28.49695905,-96.53221079,83,6,6873,14,189,12,4070,8,100,12,6157,10
1739,28.57729189,-96.40899885,3741,12,2256,10,,,,,,,,
6764,28.63083512,-96.30823141,3850,10,6024,13,2078,5,,,,,,
6412,28.68859786,-96.17606512,1613,6,802,10,2966,9,2207,9,,,,
3041,28.75952169,-95.98474383,499,5,95,10,,,,,,,,
6058,28.85103826,-95.73933533,5598,8,1747,14,1009,14,2009,13,5463,10,4956,14
704,28.93900278,-95.55885226,3485,9,3893,8,728,13,4540,9,4435,7,,
6510,29.02937116,-95.42995446,3554,5,1162,12,3596,8,4421,9,,,,
509,29.16885199,-95.2838437,3803,5,2539,8,3101,9,5214,8,,,,
2952,29.36568221,-95.10049728,2131,14,1084,9,5774,6,6977,5,4264,13,4202,10
603,29.5118227,-94.93036794,5156,5,2674,12,5609,5,5061,10,1072,7,,
708,29.5978498,-94.76241765,5292,9,100,9,5331,8,1084,5,2425,13,3726,14
6587,29.65408199,-94.53855704,584,13,4593,15,6022,14,5314,13,962,11,,
747,29.67366875,-94.36116995,1216,13,1067,5,,,,,,,,
1216,29.67993334,-94.2345372,3741,13,747,13,2966,13,1904,15,371,7,,
244,29.68192016,-94.14425954,2472,9,3311,15,5314,5,,,,,,
1402,29.6825015,-94.08015984,6794,11,3750,14,4540,9,4613,15,,,,
2930,29.68263374,-94.03456127,6784,5,1567,11,882,5,4249,13,,,,
6969,29.68263284,-94.00219441,3528,10,2750,7,,,,,,,,
4880,29.6826008,-93.97913475,4496,12,,,,,,,,,,
6682,29.68256811,-93.96276877,994,13,3537,5,,,,,,,,
5215,29.68254194,-93.95113206,2997,5,1885,11,,,,,,,,
5035,29.68252263,-93.94286532,5971,5,844,10,,,,,,,,
4283,29.68250882,-93.93698774,4968,15,3727,5,6991,10,2115,8,3101,9,,
724,29.68249857,-93.93260817,3663,12,4982,15,4592,14,,,,,,
5175,29.6824865,-93.92738971,2507,14,4198,14,,,,,,,,
861,29.68246979,-93.92004671,2649,5,3233,6,,,,,,,,
6833,29.68244691,-93.90971514,4677,8,2298,7,6213,12,5642,15,6647,5,3244,15
2179,29.68241623,-93.89517317,1009,8,3018,13,,,,,,,,
4803,29.68237684,-93.87473132,83,11,1435,5,3719,14,4855,8,,,,
1463,29.6823308,-93.84597976,5965,7,2966,8,,,,,,,,
4665,29.68229006,-93.80547493,2375,13,4975,12,1052,14,4525,10,2933,6,,
2719,29.68229596,-93.74856423,3803,12,3596,8,3240,5,,,,,,
1666,29.68247239,-93.66846584,73,8,1747,6,3750,6,3244,11,,,,
985,29.68317243,-93.55594899,5213,11,5061,6,,,,,,,,
3078,29.68539214,-93.39745494,2296,6,1425,6,1613,8,3649,6,6807,5,2795,9
3808,29.68989264,-93.22863178,5719,12,1045,8,2814,7,1435,15,,,,
1072,29.69482707,-93.10776997,629,12,603,7,5793,13,6977,15,,,,
5810,29.69935193,-93.02196635,3072,15,5085,12,,,,,,,,
2222,29.70314073,-92.960971,5628,7,2237,13,1647,13,3267,13,4610,15,5885,9
4990,29.70612664,-92.91784566,3066,10,5917,6,3557,12,,,,,,
2141,29.7086788,-92.88370459,4195,13,1215,14,683,15,,,,,,
5964,29.71211124,-92.84064912,1131,15,2363,9,584,7,,,,,,
1131,29.71724798,-92.7798141,6571,13,5964,15,3978,6,4482,9,3727,8,,
5290,29.72470299,-92.69431627,3488,6,,,,,,,,,,
6873,29.73472661,-92.57389644,3441,14,2442,14,4912,14,1805,15,5941,6,4981,12
3755,29.74512778,-92.40438006,2425,14,3101,5,728,11,3257,10,,,,
2537,29.74415641,-92.17285889,3488,12,3508,8,3678,9,2236,6,,,,
6020,29.71950583,-91.9786625,5049,14,5576,6,,,,,,,,
3018,29.67661539,-91.82617457,1747,15,2179,13,3184,12,,,,,,
1454,29.59382171,-91.63615076,5898,10,6580,6,6588,5,3804,13,,,,
1794,29.47093462,-91.40806639,910,9,,,,,,,,,,
4480,29.37843276,-91.2325863,3329,11,5085,13,6539,10,1870,11,,,,
2616,29.32050252,-91.1029863,5628,6,,,,,,,,,,
5119,29.27880002,-90.98440603,5913,8,3882,14,6885,7,,,,,,
3034,29.23588323,-90.81656843,6539,12,5730,12,4259,11,1142,9,468,8,,
2569,29.20187318,-90.61408667,2901,11,5213,8,6004,13,,,,,,
6311,29.18505312,-90.46393273,2864,14,5680,14,1899,9,1915,8,,,,
1621,29.1759222,-90.35697712,1218,13,4214,12,469,11,,,,,,
6281,29.17037376,-90.28065336,2319,6,1885,12,4129,7,3316,7,,,,
241,29.16677121,-90.22660004,6758,6,,,,,,,,,,
656,29.1643087,-90.1880002,6683,7,858,8,4513,10,3951,7,4021,9,1416,15
3467,29.16260028,-90.16065809,5085,12,2755,15,2511,15,3402,12,,,,
3441,29.16139289,-90.14115578,6873,14,6443,7,256,6,392,5,,,,
4496,29.16053844,-90.12730346,1218,8,4880,12,2469,10,,,,,,
2105,29.15993222,-90.11746429,629,13,5067,15,,,,,,,,
584,29.15950218,-90.11048416,6587,13,1090,10,6433,8,5964,7,,,,
5719,29.159195,-90.10549978,6048,8,4443,8,3808,12,6301,5,,,,
229,29.15897721,-90.1019675,3037,9,2039,13,5544,10,1348,9,3679,9,3244,12
2039,29.15882228,-90.09945567,6539,15,229,13,3890,15,,,,,,
5730,29.15871204,-90.09766883,3034,12,4631,11,698,9,6432,9,6885,15,,
5598,29.15863373,-90.09639999,4482,8,6885,11,6058,8,5577,10,5994,6,629,12
2683,29.15857806,-90.09549828,1953,6,6807,11,2066,15,4631,9,1162,5,6433,13
4358,29.15853227,-90.09475658,6855,8,2975,14,3073,13,3987,7,5734,5,,
3886,29.15847154,-90.09377293,5581,12,6022,15,5156,13,3786,12,,,,
3819,29.15838601,-90.09238818,5214,7,6381,11,2319,7,5830,10,5612,9,,
2790,29.15826561,-90.09043924,5273,14,4380,15,660,10,,,,,,
4544,29.15809646,-90.08770177,5936,10,2256,8,3670,6,1661,15,,,,
4428,29.1578581,-90.08384544,4871,7,367,9,5025,10,1661,14,5583,7,,
4380,29.15752246,-90.07841613,1725,10,2790,15,6271,12,3859,10,,,,
6443,29.15705128,-90.07079174,3804,6,3441,7,3497,6,5236,10,5093,15,2617,15
6004,29.15638923,-90.06006382,1067,11,758,10,2504,12,2569,13,,,,
2319,29.1554625,-90.04498755,6281,6,3819,7,53,6,,,,,,
2437,29.15416688,-90.02370703,6539,5,4784,15,4684,6,979,12,3580,8,,
3244,29.15238963,-89.99387071,5720,15,4365,8,229,12,1666,11,3519,13,6833,15
6145,29.15000952,-89.95189055,4609,5,4421,8,4476,5,,,,,,
3741,29.1470303,-89.89281452,1216,13,1739,12,5965,8,2617,11,1966,7,,
4782,29.14401396,-89.80960341,5170,5,3670,7,4610,8,5912,5,,,,
4198,29.14394354,-89.69319772,5175,14,3257,10,,,,,,,,
3113,29.16461759,-89.53238037,2298,14,2891,6,902,8,,,,,,
2202,29.32431712,-89.48902186,76,9,2038,12,469,15,6378,11,,,,
3002,29.55559773,-89.67769619,3565,7,2997,11,1147,9,3987,8,,,,
2375,29.91299883,-89.86354883,3319,7,6675,15,4572,15,4665,13,5700,10,1885,14
4183,30.18855414,-89.48886901,6422,12,1425,11,6675,10,2472,9,6673,14,1218,11
4551,30.27018548,-89.12605668,3728,10,5093,10,2289,14,6625,12,,,,
4687,30.3072526,-88.86242961,4232,12,,,,,,,,,,
4035,30.32642491,-88.67384883,6217,15,2913,10,2075,5,2997,11,559,13,5243,15
6156,30.3370228,-88.53929737,5838,13,4610,14,4476,15,1592,11,552,12,,
5612,30.34313062,-88.44347858,1613,10,3819,9,2510,15,5793,15,,,,
683,30.34676261,-88.3752578,4421,12,2141,15,,,,,,,,
1218,30.34935618,-88.31799686,4496,8,1621,13,4183,11,56,13,,,,
4974,30.35219727,-88.24118489,6271,9,5008,12,1904,9,4335,15,,,,
1764,30.35501211,-88.13309274,6872,6,3565,11,189,8,2142,13,877,5,,
1087,30.35688361,-87.9810153,2009,11,4855,7,,,,,,,,
5871,30.35666865,-87.7768742,6852,13,499,13,830,10,2033,9,2882,14,4526,7
5768,30.35588756,-87.60785216,3554,10,1090,10,5213,15,,,,,,
1362,30.3562825,-87.4875754,2026,7,88,12,,,,,,,,
4702,30.35763235,-87.40204643,6301,8,2511,5,3869,13,,,,,,
3528,30.35934904,-87.34129203,4195,5,6969,10,,,,,,,,
3534,30.36131328,-87.29151552,4055,9,3267,9,3649,13,1142,11,6411,15,,
6102,30.36463205,-87.22560079,2840,9,5379,15,3184,13,2835,9,5236,15,,
256,30.37030364,-87.13290586,2896,13,3441,6,,,,,,,,
3485,30.37920949,-87.00257548,704,9,3920,9,4874,12,5941,12,,,,
95,30.39059223,-86.81927992,2131,5,1870,5,5621,13,3041,10,,,,
1486,30.3961009,-86.59134922,3670,7,2755,15,,,,,,,,
5320,30.38805266,-86.41886294,1142,9,2544,7,5975,9,4592,8,6977,15,3316,10
6200,30.37262154,-86.29484965,2740,13,2997,10,5170,14,,,,,,
1348,30.34538044,-86.1612224,1436,12,1647,11,229,9,1163,13,2475,10,348,12
3080,30.2932763,-85.97778743,5917,15,4163,5,2185,8,2475,13,3723,12,2740,6
5418,30.21748522,-85.75922203,4667,7,4595,6,2117,12,1747,6,2934,12,6655,13
3663,30.15857035,-85.59709382,724,12,2398,12,844,8,6033,11,6163,15,,
773,30.11827126,-85.48118482,5629,9,,,,,,,,,,
355,30.09143402,-85.39803108,4667,11,5664,6,1407,15,882,15,6411,12,,
966,30.07168633,-85.33159902,6027,12,4553,13,7017,12,3732,12,,,,
123,30.04823436,-85.24500653,6392,8,1875,7,5219,12,2134,8,100,8,,
378,30.01850056,-85.12186254,1293,10,7017,6,,,,,,,,
4365,29.98147608,-84.94750961,3244,8,655,10,5243,9,,,,,,
4230,29.94355913,-84.75245944,3678,10,1399,9,5353,14,5760,15,,,,
627,29.91630204,-84.61203979,6283,11,2769,11,1775,11,6182,13,1399,14,3122,12
802,29.89600184,-84.51228975,6412,10,3263,7,,,,,,,,
2966,29.88081656,-84.4417014,3803,5,1216,13,6412,9,1463,8,,,,
115,29.86952755,-84.39172975,172,9,6048,10,,,,,,,,
348,29.86042996,-84.35305545,1293,9,2680,8,530,7,6855,7,5734,13,1348,12
3213,29.84846784,-84.30428701,4928,7,4684,6,,,,,,,,
6048,29.83073878,-84.23594732,1148,9,5719,8,4639,11,115,10,,,,
3768,29.80390975,-84.14033331,913,7,2769,5,3802,7,1147,11,5085,9,2231,11
371,29.76237681,-84.00766959,1966,8,1216,7,100,8,,,,,,
2117,29.6961156,-83.82593233,3679,9,5418,12,6673,13,590,5,6970,9,,
1084,29.62483184,-83.66112019,2952,9,559,15,708,5,3568,10,4962,5,,
100,29.56821503,-83.5475076,2173,13,3037,10,708,9,4912,12,371,8,123,8
4928,29.52491578,-83.46901783,6588,11,3213,7,,,,,,,,
5190,29.48873263,-83.40825309,2473,7,4595,10,,,,,,,,
758,29.43940311,-83.33171203,3257,8,552,10,6004,10,2835,15,,,,
3508,29.36502873,-83.22856618,3647,7,2537,8,,,,,,,,
1252,29.25001673,-83.09436093,2607,6,4482,8,,,,,,,,
2864,29.08081198,-82.94477489,6311,14,2896,9,4216,14,3374,12,,,,
2019,28.93204481,-82.85434053,2896,11,56,6,5475,9,,,,,,
6872,28.80860242,-82.80558109,2740,10,4572,5,1764,6,4684,13,,,,
2847,28.64663911,-82.76964768,590,6,2997,14,3890,12,73,14,,,,
2264,28.43238969,-82.74977819,53,14,5978,12,4855,11,4249,14,,,,
1268,28.26242225,-82.74235203,4068,5,190,14,,,,,,,,
3699,28.14162671,-82.73578212,4572,8,,,,,,,,,,
1190,28.05591816,-82.72844832,2134,12,2840,8,5734,15,,,,,,
4085,27.99084187,-82.72058851,2173,9,6655,10,,,,,,,,
2507,27.91039367,-82.70765496,2891,12,5175,14,5992,5,3565,12,,,,
5640,27.79803283,-82.68362954,6222,8,6375,7,902,13,2997,8,2298,7,,
4055,27.64204592,-82.63876568,3534,9,2289,14,3257,13,608,12,4593,12,,
6673,27.468055,-82.57272798,4566,10,2117,13,913,13,4183,14,137,14,,
3596,27.34427698,-82.5151615,6625,5,590,11,2719,8,6510,8,1966,12,4163,5
15,27.25815883,-82.46969964,4304,11,2666,13,3349,5,5720,5,1189,11,4249,10
2115,27.1979378,-82.43516653,4335,8,4283,8,2835,5,1530,10,,,,
4592,27.14852587,-82.40509296,5156,13,5320,8,724,14,,,,,,
2782,27.08355772,-82.36322012,2975,15,6339,10,3565,6,,,,,,
5978,26.99361994,-82.3012372,4874,5,1373,15,2264,12,3726,11,1248,5,3575,15
3037,26.86995028,-82.20951505,229,9,100,10,3148,12,,,,,,
3526,26.73871967,-82.10609034,6213,12,6931,7,6892,5,4449,10,5353,8,,
4595,26.6456947,-82.03050774,1968,6,5418,6,1567,5,5015,5,4320,11,5190,10
5831,26.57977368,-81.97649897,844,9,6222,11,,,,,,,,
1953,26.53294044,-81.93815518,2683,6,5379,7,,,,,,,,
3357,26.49957536,-81.91094175,4540,13,5975,10,,,,,,,,
4540,26.47582847,-81.89165763,4256,9,3357,13,1402,9,704,9,,,,
2118,26.45894008,-81.87799717,469,8,,,,,,,,,,
6271,26.4469146,-81.86830157,6647,8,4974,9,5463,6,4380,12,4962,8,3723,6
2933,26.43737648,-81.86063168,2680,6,189,12,3148,13,530,13,190,14,4665,6
496,26.42502257,-81.85072411,73,9,,,,,,,,,,
5740,26.40763858,-81.83682796,4485,10,1142,11,3407,11,,,,,,
660,26.38312499,-81.81730799,2790,10,2066,12,,,,,,,,
2324,26.34859645,-81.78992147,2840,13,5025,9,1425,8,3407,12,5965,7,,
910,26.300028,-81.75150002,56,7,2041,15,1794,9,3428,15,,,,
2659,26.23172334,-81.69735103,6106,14,5642,10,,,,,,,,
5664,26.13616735,-81.62049086,1725,11,355,6,5992,11,,,,,,
3315,26.00495012,-81.51031282,3476,12,5411,9,2592,10,1004,15,,,,
5690,25.88719495,-81.40339823,1530,11,2649,7,5067,11,,,,,,
4068,25.80662558,-81.32349956,1268,5,3723,5,5292,7,4526,7,3196,9,2298,14
3890,25.7513023,-81.26429155,5061,15,1770,8,2039,15,3728,13,2847,12,,
5634,25.70336245,-81.20937913,5353,15,1526,6,3951,12,,,,,,
4502,25.64069746,-81.1313637,3987,14,882,15,913,13,1966,8,5801,9,5917,14
3732,25.55929077,-81.01521808,6461,12,5586,13,5629,8,3449,10,2611,9,966,12
2173,25.46399426,-80.83431198,100,13,4085,9,5411,11,6205,6,1775,13,6314,13
2504,25.42372706,-80.5792592,2427,7,4677,13,6004,12,,,,,,
5628,25.56673036,-80.3665258,2616,6,2236,14,2222,7,,,,,,
2442,25.74159192,-80.26777319,1297,9,6873,14,201,11,5531,14,2835,12,,
3651,25.87384511,-80.21928716,5838,7,,,,,,,,,,
1281,25.96975002,-80.19226197,3802,12,800,9,3257,9,3580,11,5774,5,6931,11
4526,26.0385896,-80.1761277,4068,7,2142,13,3488,12,2372,13,5871,7,,
655,26.094624,-80.16475423,4365,10,1163,15,1007,7,698,13,4485,6,,
3804,26.16882632,-80.15199522,6443,6,6409,12,1297,15,1454,13,,,,
5979,26.27378696,-80.13833261,3519,8,,,,,,,,,,
6040,26.42196549,-80.12760072,850,15,4730,10,1968,13,73,8,5281,5,6677,14
6027,26.60625161,-80.12798923,966,12,2473,10,1443,8,,,,,,
844,26.74498484,-80.13828782,6400,15,5035,10,1297,11,5831,9,3663,8,,
456,26.84334462,-80.15084607,1163,8,1885,9,1443,12,,,,,,
4216,26.91283011,-80.16238717,4304,9,2864,14,858,14,5801,9,3233,6,,
3447,26.96612903,-80.17275982,979,9,,,,,,,,,,
4925,27.03272702,-80.18754233,5544,8,6375,12,3850,6,5049,13,,,,
5609,27.12590449,-80.21140404,603,5,1124,12,3802,12,4485,13,1435,6,6784,13
4701,27.25554875,-80.25015001,5586,12,1725,12,,,,,,,,
1293,27.40996542,-80.30338785,348,9,2078,7,1321,10,378,10,3802,14,5642,7
4021,27.52325486,-80.34630519,3882,8,4243,14,3267,14,656,9,,,,
5531,27.60351922,-80.37819303,3227,6,2442,14,4359,12,2307,10,,,,
559,27.66035291,-80.40132918,5067,6,1084,15,4035,13,2475,7,2131,11,,
4525,27.70064783,-80.41794467,4981,9,5331,14,2372,5,4665,10,5581,6,,
3744,27.72942167,-80.4298924,4855,15,2425,10,,,,,,,,
3864,27.74978025,-80.4383787,499,10,,,,,,,,,,
2510,27.76425187,-80.44442438,6991,13,601,15,3302,13,5612,15,,,,
6056,27.77455056,-80.44873237,2185,12,3670,14,,,,,,,,
3073,27.78186364,-80.45179386,2191,7,3240,5,4358,13,5656,14,,,,
367,27.78705698,-80.45396903,3101,9,2163,7,1215,14,4428,9,,,,
6621,27.79075027,-80.4555164,6677,12,2066,6,3142,13,4163,14,,,,
2795,27.79338052,-80.45661862,76,6,2774,8,3078,9,,,,,,
102,27.79524763,-80.45740115,5975,8,7017,5,3537,14,,,,,,
2066,27.79657418,-80.45795717,4956,15,6621,6,2683,15,660,12,,,,
6571,27.79758608,-80.45838133,1131,13,3077,11,,,,,,,,
1619,27.79884143,-80.45890758,3557,11,,,,,,,,,,
3575,27.80060824,-80.4596483,3786,6,6855,8,3795,5,6758,15,5978,15,,
1067,27.80309164,-80.46068956,6004,11,747,5,4482,12,1416,9,,,,
5586,27.80658746,-80.46215556,4701,12,3732,13,5629,10,5913,9,,,,
5941,27.81151019,-80.46422042,3293,5,4476,9,3485,12,6873,6,3920,14,,
2769,27.81841716,-80.46711846,627,11,3768,5,4421,14,,,,,,
1526,27.82816211,-80.47120897,5698,13,5634,6,,,,,,,,
3184,27.84184424,-80.47695534,5239,9,5379,5,3018,12,6102,13,,,,
4304,27.86106719,-80.48503458,15,11,4216,9,3761,8,3726,8,,,,
5858,27.88816011,-80.49643153,5331,12,2772,12,2666,8,2934,8,,,,
3926,27.9262731,-80.51248003,2299,13,1294,5,4960,13,,,,,,
5214,27.97987919,-80.53507233,3819,7,468,12,4855,7,509,8,,,,
2882,28.05507527,-80.56677189,2262,7,73,14,5871,14,3850,11,2774,9,2772,8
480,28.16123092,-80.61145081,1747,11,,,,,,,,,,
4717,28.297527,-80.66848646,5011,12,5475,7,,,,,,,,
2781,28.40377163,-80.71251395,2586,10,,,,,,,,,,
5965,28.47930215,-80.74349761,6378,10,1463,7,3741,8,6588,14,190,8,2324,7
4299,28.53307796,-80.76536518,1163,8,6432,13,5576,12,,,,,,
5832,28.57136428,-80.78082525,3428,6,6024,5,,,,,,,,
1124,28.59854879,-80.79174335,5609,12,2363,15,,,,,,,,
392,28.61792003,-80.79949201,4975,15,5457,7,1189,14,4129,14,3441,5,2635,15
2473,28.63169434,-80.80498543,5190,7,6027,10,6339,6,6892,5,,,,
2307,28.64148118,-80.8088801,552,13,3240,9,4968,12,5531,10,,,,
1968,28.6504062,-80.81242556,4595,6,6433,5,6040,13,877,11,2262,5,,
1076,28.66270694,-80.81730226,4667,8,3978,11,2912,7,1407,6,,,,
6452,28.68002279,-80.82414799,6756,14,,,,,,,,,,
73,28.70440986,-80.83375112,1666,8,496,9,6040,8,2882,14,2847,14,,
1074,28.73873909,-80.84719346,1407,14,,,,,,,,,,
2475,28.78698703,-80.8659358,6369,12,4807,10,559,7,3761,15,1348,10,3080,13
3402,28.85499121,-80.89205377,2444,5,3467,12,,,,,,,,
1770,28.95085748,-80.9282766,6922,8,3890,8,83,13,,,,,,
5281,29.08530134,-80.97789649,6491,6,6040,5,,,,,,,,
4443,29.21169751,-81.02328625,2901,11,1870,7,5719,8,2125,15,4807,8,,
2469,29.30151142,-81.05479568,4553,15,3374,8,2444,9,3898,9,2755,7,4496,10
2142,29.36572365,-81.07694452,4526,13,1764,13,,,,,,,,
2680,29.41134072,-81.09248751,348,8,2933,6,56,6,1775,7,,,,
189,29.44379748,-81.10344948,4912,12,2933,12,1764,8,,,,,,
3072,29.46686204,-81.11119035,4962,10,1436,12,5810,15,1215,13,5975,6,,
2237,29.48326522,-81.1166708,2222,13,6683,5,3293,11,,,,,,
4523,29.4949248,-81.12055387,6784,5,,,,,,,,,,
1297,29.50414456,-81.12361704,2442,9,5971,12,844,11,4335,9,3804,15,912,6
2891,29.51605262,-81.12756357,3316,14,2507,12,1373,15,3679,5,1009,7,3113,6
3311,29.53282088,-81.13310125,6500,5,244,15,4070,12,4179,8,,,,
4359,29.55643525,-81.14085842,5531,12,5885,15,2797,14,,,,,,
1613,29.58961104,-81.15166758,5612,10,6412,6,4495,12,3078,8,5577,13,,
728,29.63642057,-81.16672262,6375,9,6283,7,3755,11,6794,6,704,13,4243,5
3803,29.70227319,-81.18745916,2966,5,2719,12,509,5,4232,14,,,,
4256,29.79522617,-81.21569565,4540,9,1045,10,3893,7,6422,15,,,,
3700,29.92641396,-81.25306291,1647,9,6375,6,2634,6,,,,,,
4730,30.08505724,-81.29349397,1647,12,6758,14,6040,10,4609,8,,,,
4684,30.20342456,-81.31960623,2437,6,3213,6,6872,13,,,,,,
3495,30.2878746,-81.33581163,5700,6,3726,7,5544,7,1775,8,,,,
2896,30.3481485,-81.34602886,2864,9,3259,13,2019,11,256,13,2444,11,6970,12
1119,30.39148981,-81.35263915,5913,14,,,,,,,,,,
5292,30.43663592,-81.35884021,4068,7,708,9,2901,7,4812,13,4982,7,,
5698,30.50010051,-81.36632684,1526,13,6977,14,,,,,,,,
6213,30.58950383,-81.37429956,5008,12,2248,7,5236,9,3526,12,6833,12,,
4310,30.71558373,-81.38002117,2505,8,2934,5,,,,,,,,
1373,30.89250499,-81.37588423,2891,15,5978,15,,,,,,,,
2774,31.05997171,-81.35694907,2795,8,5971,15,2882,9,,,,,,
6892,31.17790344,-81.33351136,2185,9,5314,10,3526,5,2473,5,6205,8,,
4243,31.26097019,-81.31134958,1915,12,2026,15,4021,14,1148,7,728,5,2289,11
979,31.33900881,-81.28587963,3860,7,2437,12,3447,9,3918,9,,,,
5025,31.44570273,-81.24347103,6855,6,5994,15,6922,7,4428,10,5865,12,2324,9
6625,31.59155072,-81.17067586,3596,5,2134,14,3918,11,5830,12,4551,12,,
3428,31.76337845,-81.06111295,6580,12,5832,6,910,15,,,,,,
6411,31.88592212,-80.96535009,2298,14,5170,10,3534,15,1899,7,355,12,1915,14
4963,31.96923314,-80.89071711,4566,6,,,,,,,,,,
5067,32.02641136,-80.83450055,559,6,2105,15,4631,15,2134,7,5690,11,,
5700,32.0775247,-80.78048901,3495,6,3102,8,6958,12,2375,10,3302,13,,
3859,32.14578591,-80.70271598,3077,10,4380,10,,,,,,,,
499,32.23760416,-80.58820717,5871,13,3041,5,26,5,3864,10,,,,
6500,32.34936645,-80.43493169,3311,5,913,8,590,10,3840,8,,,,
4406,32.43281251,-80.31247575,6022,12,3568,15,4553,12,3196,11,608,5,,
6001,32.49082867,-80.22454089,2755,15,,,,,,,,,,
5219,32.53191979,-80.16141608,123,12,2009,7,5629,7,,,,,,
608,32.56101792,-80.11650189,3728,15,4055,12,1324,14,4406,5,,,,
3497,32.58164915,-80.08462668,6443,6,3920,14,4871,10,,,,,,
5917,32.59635367,-80.06192095,3080,15,4990,6,4502,14,,,,,,
4449,32.6068068,-80.0457964,1324,15,3526,10,4975,10,,,,,,
5629,32.61423619,-80.03434805,773,9,3066,11,1389,8,5586,10,3732,8,5219,7
5326,32.61984299,-80.02571618,5885,14,1647,14,,,,,,,,
6163,32.62666403,-80.01522506,4436,9,3663,15,,,,,,,,
4762,32.63628318,-80.0004501,4667,14,1530,15,4110,9,,,,,,
4677,32.64981754,-79.979703,6833,8,2504,13,,,,,,,,
172,32.66890027,-79.95053985,115,9,,,,,,,,,,
6491,32.69586053,-79.90953367,4495,6,3978,11,5281,6,3649,10,,,,
4869,32.73391751,-79.85208912,1435,13,4968,10,4982,13,,,,,,
4667,32.78795929,-79.77153451,355,11,5418,7,4762,14,1076,8,5061,8,6011,11
6977,32.86492812,-79.65922221,2952,5,5720,14,5320,15,5698,14,1072,15,,
76,32.9669829,-79.51545791,2202,9,2795,6,6784,10,5975,11,1438,9,,
5008,33.04934329,-79.404312,6213,12,5213,7,4974,12,,,,,,
5830,33.10923834,-79.32645798,3542,11,3819,10,6625,12,,,,,,
4609,33.15248103,-79.27187796,6145,5,4730,8,4572,15,,,,,,
3840,33.1835503,-79.23352652,6033,8,6500,8,,,,,,,,
1592,33.20712167,-79.20491819,5049,15,3227,9,6156,11,,,,,,
2441,33.23593714,-79.17049072,3647,13,6133,9,,,,,,,,
2508,33.27689824,-79.12244489,3302,12,,,,,,,,,,
2740,33.33511335,-79.05559719,6200,13,6872,10,2378,8,469,15,848,9,3080,6
2511,33.41778778,-78.96260762,4702,5,5522,6,3467,15,1045,15,,,,
5992,33.53454173,-78.83270664,2811,15,601,6,5664,11,2507,5,3568,14,,
5475,33.64657182,-78.70645296,6182,8,2372,11,2019,9,3951,15,4717,7,1530,12
902,33.72506196,-78.61512844,601,9,6106,7,5640,13,3302,5,3113,8,,
4962,33.77993994,-78.54900866,3072,10,2762,10,5898,11,1084,5,4209,7,6271,8
4114,33.81807282,-78.5016204,3374,5,,,,,,,,,,
2472,33.84550237,-78.46665926,244,9,5720,11,5621,14,4183,9,83,11,,
6106,33.87411906,-78.42931268,3101,8,2659,14,902,7,5411,12,,,,
1436,33.91364869,-78.3761925,1348,12,3072,12,6756,8,3267,15,4209,13,,
1004,33.96804065,-78.30005702,2975,8,4566,10,3315,15,,,,,,
88,34.04210203,-78.1903252,3488,14,1362,12,1530,5,,,,,,
5621,34.14005466,-78.03333969,95,13,2472,14,,,,,,,,
4553,34.2234783,-77.88760356,1805,6,2469,15,4406,12,6182,11,966,13,,
6133,34.28007304,-77.78158491,2441,9,,,,,,,,,,
3488,34.31889285,-77.70515232,3942,9,4526,12,6931,5,5290,6,88,14,2537,12
5379,34.34579009,-77.6502796,1953,7,3184,5,1805,13,137,11,6102,15,2634,7
1009,34.36454313,-77.61104009,2179,8,6058,14,2891,7,,,,,,
4975,34.37996793,-77.57813715,392,15,4593,6,4665,12,2207,10,4449,10,,
6580,34.4002977,-77.53395029,4473,7,2912,10,1454,6,3428,12,,,,
1530,34.42846623,-77.47140545,5690,11,4762,15,4421,9,88,5,5475,12,2115,10
4631,34.46744052,-77.38304016,4320,5,5730,11,5067,15,2683,9,,,,
4968,34.52187485,-77.25829848,5962,11,4283,15,4869,10,2307,12,190,10,6677,10
5912,34.59993543,-77.08352968,4782,5,,,,,,,,,,
1189,34.69116353,-76.89646478,392,14,3568,6,15,11,,,,,,
2624,34.76356297,-76.76627921,1725,6,1324,9,2185,10,,,,,,
1416,34.81986566,-76.6768694,1067,9,2755,9,656,15,,,,,,
6351,34.88157405,-76.58989953,6400,15,,,,,,,,,,
2191,34.97500569,-76.47584007,5093,10,2505,15,3073,7,,,,,,
2835,35.11883822,-76.33208974,2078,10,6102,9,2115,5,758,15,2442,12,,
2611,35.28482638,-76.20317398,6283,6,1090,10,3732,9,1874,8,,,,
6970,35.41055711,-76.1271438,3951,6,6683,10,2896,12,2117,9,,,,
4982,35.5031841,-76.08170229,724,15,5292,7,6885,10,4869,13,601,7,,
5680,35.59002564,-76.04672334,6311,14,6011,7,,,,,,,,
1647,35.71252556,-76.00934713,4730,12,5326,14,1348,11,2222,13,3700,9,,
1747,35.88839052,-75.97966489,3018,15,1666,6,6058,14,480,11,5418,6,1425,9
5213,36.10647671,-75.98371834,985,11,2569,8,5008,7,3882,13,5865,14,5768,15
3679,36.26788262,-76.01965774,2117,9,2891,5,229,9,,,,,,
1443,36.38365497,-76.06612457,2149,6,6027,8,1714,6,456,12,,,,
3329,36.51486008,-76.14116429,4480,11,,,,,,,,,,
6217,36.69011492,-76.26925568,4035,15,,,,,,,,,,
830,36.86074053,-76.4065265,5871,10,5331,12,,,,,,,,
1148,36.98382638,-76.50082431,6048,9,6655,11,6855,14,4243,7,3727,9,,
5061,37.07381754,-76.56234652,3890,15,4667,8,603,10,985,6,6433,5,,
2634,37.15433213,-76.61012489,5994,9,3407,5,6758,9,3700,6,5379,7,,
4129,37.26738353,-76.66536291,392,14,4871,12,590,15,6281,7,5463,12,,
4485,37.43200864,-76.72049595,5740,10,4812,10,655,6,4232,8,5609,13,,
3728,37.66797731,-76.72944215,6908,12,4551,10,608,15,3890,13,,,,
3293,37.85841939,-76.57416908,5941,5,1386,11,2772,11,2237,11,,,,
3449,37.94337862,-76.28258216,3732,10,,,,,,,,,,
2078,37.99078969,-76.05848772,3275,8,1293,7,2835,10,5015,13,6764,5,,
913,38.0350536,-75.90237702,3768,7,6673,13,6500,8,4502,13,,,,
5696,38.09632856,-75.75210459,3727,7,4874,6,,,,,,,,
3426,38.20592033,-75.55947125,3920,14,,,,,,,,,,
1425,38.33818264,-75.38194915,5576,15,3078,6,4183,11,2324,8,6922,15,1747,9
2750,38.44042169,-75.26614479,4476,5,5927,14,6969,7,,,,,,
1725,38.5160699,-75.18824365,2624,6,5664,11,4380,10,2607,5,4701,12,,
5522,38.57102756,-75.13482772,3942,10,2511,6,,,,,,,,
2997,38.61130034,-75.09710968,5215,5,6200,10,4035,11,2847,14,5640,8,3002,11
3649,38.65540888,-75.05701059,3534,13,3078,6,6491,10,,,,,,
3542,38.71814585,-75.00191943,3148,7,5830,11,5625,9,,,,,,
2009,38.80773346,-74.9267363,1087,11,4855,8,4110,6,6058,13,4923,11,5219,7
5801,38.93596274,-74.82522996,3066,11,4502,9,5625,6,4216,9,,,,
5463,39.11073755,-74.69655633,4482,7,6271,6,3122,8,4129,12,6058,10,,
1054,39.25630804,-74.59664521,4202,9,800,14,,,,,,,,
1714,39.36108168,-74.5283893,3066,11,3319,12,6655,9,3893,7,1443,6,,
3087,39.43607699,-74.48130666,6285,7,2248,13,,,,,,,,
6461,39.48975232,-74.44849436,3565,12,4566,9,5774,12,3732,12,4873,8,5583,11
4780,39.5279696,-74.4255773,6908,10,6931,8,,,,,,,,
3589,39.55549343,-74.40929856,2635,12,4610,7,,,,,,,,
2256,39.58368256,-74.39280975,4544,8,1739,10,,,,,,,,
3670,39.62327099,-74.36993861,1486,7,4436,8,6056,14,4782,7,4544,6,2586,9
6807,39.67911638,-74.33816839,3078,5,1870,13,2683,11,,,,,,
5308,39.75793834,-74.29409049,6400,8,5411,9,,,,,,,,
1874,39.86879693,-74.23295925,2674,13,4588,8,2611,8,,,,,,
1052,40.02211955,-74.14814225,5273,9,4665,14,,,,,,,,
5581,40.15707877,-74.07078956,3886,12,4525,6,,,,,,,,
2975,40.25220419,-74.01325064,1004,8,2782,15,4358,14,,,,,,
4956,40.31919423,-73.97057751,3978,7,2066,15,6683,8,629,6,6058,14,,
2901,40.36640265,-73.93918272,4443,11,2569,11,5292,7,,,,,,
5273,40.40345616,-73.91366065,1052,9,2790,14,83,12,1163,10,2207,12,,
3233,40.45065986,-73.8798977,6675,8,3476,6,6931,11,861,6,3275,15,4216,6
6770,40.51635316,-73.83028677,3102,11,,,,,,,,,,
4923,40.60683988,-73.75603637,2009,11,,,,,,,,,,
2231,40.72894283,-73.64185085,6908,11,6033,13,3768,11,,,,,,
6378,40.87893973,-73.46904507,5965,10,994,8,2202,11,,,,,,
2262,40.98629743,-73.30833738,1567,12,2882,7,3537,11,1968,5,,,,
2041,41.05330347,-73.17949331,910,15,4784,15,,,,,,,,
56,41.11572178,-73.02464477,910,7,2019,6,2680,6,1218,13,,,,
4335,41.1834365,-72.79772475,4214,9,1297,9,2115,8,1321,7,4974,15,3580,9
5759,41.23063282,-72.58726607,4476,10,2913,5,5625,9,,,,,,
5927,41.25913281,-72.43607329,327,8,1045,13,1805,12,2750,14,,,,
5011,41.2779736,-72.32789978,4717,12,,,,,,,,,,
1215,41.29097657,-72.25097271,367,14,5544,8,3072,13,4163,8,2141,14,266,11
5093,41.30017327,-72.19617148,1294,6,2191,10,4551,10,3898,8,6443,15,,
877,41.30671897,-72.15724937,1968,11,4572,7,6433,15,1764,5,,,,
4513,41.31138977,-72.12961769,5085,6,2607,11,656,10,,,,,,
5625,41.31477325,-72.10971102,5577,8,5801,6,5759,9,3542,9,,,,
2248,41.31835021,-72.08879085,6213,7,3087,13,,,,,,,,
6588,41.32340749,-72.05947607,4928,11,1454,5,5965,14,,,,,,
4659,41.33063352,-72.01823463,1473,6,,,,,,,,,,
1875,41.34105914,-71.96034778,123,7,4202,5,,,,,,,,
2289,41.35644342,-71.87907233,2762,12,4055,14,4551,14,4243,11,,,,
4264,41.37998606,-71.76549582,2236,15,2952,13,6182,11,,,,,,
2026,41.41860385,-71.60788618,1362,7,4243,15,2505,5,6677,12,,,,
6855,41.48987822,-71.39511563,5025,6,348,7,3575,8,1148,14,4358,8,327,6
2762,41.62042321,-71.1718182,2289,12,4962,10,,,,,,,,
6432,41.79788787,-71.03936101,4299,13,4259,11,6908,6,5730,9,1993,14,,
3978,42.01493203,-70.97197551,4956,7,6491,11,1076,11,1131,6,,,,
2075,42.17378537,-70.94488118,4035,5,,,,,,,,,,
2913,42.28696354,-70.92776832,4035,10,5759,5,2444,11,,,,,,
2811,42.36717631,-70.91426562,5992,15,5331,14,4192,13,,,,,,
2398,42.42446519,-70.90307211,6462,5,5436,14,3663,12,,,,,,
3647,42.48262488,-70.8898995,2441,13,3508,7,,,,,,,,
3316,42.56356306,-70.86839021,2891,14,6281,7,5320,10,,,,,,
4482,42.6765968,-70.83210089,5598,8,912,15,5463,7,1067,12,1252,8,1131,9
590,42.83325372,-70.76951445,3596,11,3257,13,2847,6,4129,15,2117,5,6500,10
1899,42.99402086,-70.68990214,6311,9,6411,7,,,,,,,,
2934,43.10625416,-70.62463685,2236,6,5418,12,5858,8,4195,11,4310,5,,
800,43.18469602,-70.57405416,1281,9,1054,14,5656,15,,,,,,
1407,43.23971064,-70.53603803,4320,14,355,15,1076,6,469,6,5508,11,1074,14
3538,43.28207444,-70.50528881,5411,9,,,,,,,,,,
4249,43.33536274,-70.4647327,2930,13,15,10,2264,14,,,,,,
3580,43.40916923,-70.40498331,1281,11,3196,9,2437,8,4335,9,5457,10,,
848,43.51082479,-70.31552864,3898,11,2740,9,,,,,,,,
2185,43.6481691,-70.18040723,3080,8,6892,9,1399,12,6056,12,2624,10,,
3148,43.77208997,-70.0428568,3542,7,6931,12,2933,13,3037,12,5913,6,,
4473,43.85686285,-69.93916057,5239,12,6580,7,26,5,2363,11,,,,
1915,43.91523345,-69.86273356,4243,12,3240,9,6675,6,6311,8,6885,7,6411,14
3557,43.95582751,-69.80696522,1619,11,6369,14,4990,12,,,,,,
5049,43.98722613,-69.76226306,6020,14,1592,15,5156,10,4925,13,,,,
2607,44.02686217,-69.7037313,4981,9,1252,6,4513,11,1725,5,,,,
6011,44.0810694,-69.61944646,3987,15,4667,11,3319,7,5680,7,,,,
3898,44.15412669,-69.49674495,848,11,2469,9,5093,8,,,,,,
5561,44.2495534,-69.31614611,4572,10,,,,,,,,,,
6182,44.34657672,-69.09790745,3391,6,5990,13,627,13,4553,11,5475,8,4264,11
3920,44.40760467,-68.93182901,3485,9,4874,8,2420,9,3497,14,5941,14,3426,14
2131,44.44554259,-68.81012108,2952,14,95,5,3227,11,3259,11,559,11,,
6462,44.47260632,-68.70987134,2398,5,1280,14,,,,,,,,
4873,44.50375319,-68.57596682,1399,8,6461,8,,,,,,,,
3257,44.5413667,-68.38470382,1281,9,590,13,4055,13,758,8,3755,10,4198,10
3942,44.58762582,-68.11713463,3488,9,5522,10,5436,15,,,,,,
3565,44.63025306,-67.87867109,6461,12,5913,5,3002,7,1764,11,2507,12,2782,6
6157,44.66535258,-67.71076535,2207,6,882,12,4912,10,,,,,,
962,44.69438751,-67.59281515,5508,15,6587,11,,,,,,,,
5909,44.72654406,-67.47973877,3786,5,,,,,,,,,,
4960,44.77593262,-67.32460971,3926,13,3077,13,327,7,,,,,,
1090,44.84832891,-67.10826992,5768,10,584,10,2611,10,,,,,,
5236,44.9312647,-66.79723976,2038,8,6213,9,6443,10,6102,15,,,,
6022,44.89748546,-66.50656458,3886,15,4406,12,6587,14,,,,,,
2163,44.78025322,-66.37039901,367,7,1386,12,2592,12,,,,,,
2755,44.68345356,-66.30253761,1486,15,6001,15,2469,7,3467,15,1416,9,,
1294,44.61252469,-66.26194711,5093,6,3926,5,,,,,,,,
5314,44.56134748,-66.23532243,6892,10,6265,6,244,5,6587,13,,,,
6959,44.5248484,-66.21722344,4495,10,,,,,,,,,,
5913,44.4988474,-66.20465044,4807,14,5119,8,3565,5,3148,6,1119,14,5586,9
6683,44.48035393,-66.19582932,656,7,6970,10,4956,8,2237,5,,,,
1473,44.4672028,-66.18960454,4659,6,6908,9,3102,8,6024,6,,,,
137,44.45784453,-66.18519485,2236,14,1007,9,5379,11,6673,14,,,,
3102,44.45119536,-66.18207015,6770,11,5700,8,1389,8,6409,11,1473,8,,
5838,44.44647251,-66.17985441,3651,7,6422,8,6156,13,2649,9,2674,14,,
1142,44.44311019,-66.17827865,5740,11,5320,9,3534,11,3034,9,468,8,,
2149,44.44071874,-66.17715868,1443,6,2840,11,,,,,,,,
1966,44.43902111,-66.176364,371,8,3519,10,3596,12,4502,8,3741,7,4209,11
2444,44.4378148,-66.1757995,4163,15,5962,7,3402,5,2469,9,2896,11,2913,11
6931,44.43695501,-66.17539723,3148,12,3488,5,1281,11,3233,11,3526,7,4780,8
4179,44.43634417,-66.17511149,6422,8,3311,8,,,,,,,,
6627,44.43591072,-66.17490875,3302,9,4593,7,5865,10,,,,,,
3893,44.43560231,-66.1747645,4256,7,704,8,1714,7,1885,15,,,,
4613,44.43538327,-66.17466206,3719,10,6908,5,1402,15,,,,,,
1885,44.43522724,-66.17458909,456,9,6281,12,3407,11,5215,11,2375,14,3893,15
6024,44.43511648,-66.1745373,5085,10,5436,5,6764,13,3850,7,5832,5,1473,6
2427,44.43503777,-66.17450049,2504,7,2617,14,,,,,,,,
3869,44.43496918,-66.17446841,4702,13,4812,11,,,,,,,,
3101,44.43487568,-66.17442469,367,9,6106,8,3918,12,509,9,3755,5,4283,9
3719,44.43474427,-66.17436324,4613,10,4803,14,2363,7,2236,6,,,,
6205,44.43455917,-66.17427669,1904,11,2173,6,6892,8,,,,,,
6453,44.43429856,-66.17415483,552,7,2940,8,4639,14,,,,,,
994,44.43393275,-66.17398379,1870,11,6378,8,6682,13,2298,12,,,,
6033,44.43341819,-66.17374322,3840,8,4807,6,5508,8,2231,13,3663,11,,
5898,44.43269324,-66.17340433,1454,10,4962,11,3795,15,,,,,,
6539,44.43167287,-66.17292741,2437,5,2039,15,2772,11,3034,12,4259,6,4480,10
4476,44.43024063,-66.17225813,3761,10,5941,9,2750,5,6156,15,5759,10,6145,5