NodeID,Latitude,Longitude,Neighbor1,Distance1,Neighbor2,Distance2,Neighbor3,Distance3,Neighbor4,Distance4,Neighbor5,Distance5,Neighbor6,Distance6
2222,20.060875279408776,-75.20468531556065,22976,10,37469,16,22792,14,N/A,N/A,N/A,N/A,N/A,N/A
2293,18.277251924360552,-70.33603382118984,23440,7,41810,10,23384,4,N/A,N/A,N/A,N/A,N/A,N/A
11179,15.111975493839543,-83.4403338200706,38968,15,37507,19,11180,7,N/A,N/A,N/A,N/A,N/A,N/A
11180,15.215927494621473,-83.51317345285632,11179,7,37507,17,11181,9,N/A,N/A,N/A,N/A,N/A,N/A
11181,15.33271473503446,-83.62251776604495,11182,12,37507,21,11180,9,37118,29,N/A,N/A,N/A,N/A
11182,15.461160535448876,-83.7839752525248,11183,9,11181,12,37118,23,N/A,N/A,N/A,N/A,N/A,N/A
11183,15.54654053699322,-83.92009900862138,11184,6,11182,9,38493,13,37118,23,N/A,N/A,N/A,N/A
11184,15.601111249210339,-84.02091442838028,11183,6,11185,4,38493,8,N/A,N/A,N/A,N/A,N/A,N/A
11185,15.6372177657841,-84.09395110414259,11184,4,11186,3,38493,7,N/A,N/A,N/A,N/A,N/A,N/A
11186,15.661765308863751,-84.1465547997901,11185,3,11187,2,38493,8,N/A,N/A,N/A,N/A,N/A,N/A
11187,15.678692810166542,-84.18422124574788,42434,7,11186,2,11188,2,38493,9,N/A,N/A,N/A,N/A
11188,15.694234824757114,-84.21980564740076,42434,5,11187,2,11189,3,N/A,N/A,N/A,N/A,N/A,N/A
11189,15.715210356528065,-84.26944706596821,42434,5,11188,3,11190,4,N/A,N/A,N/A,N/A,N/A,N/A
11190,15.7435637977832,-84.33983004004384,11191,6,42434,7,11189,4,N/A,N/A,N/A,N/A,N/A,N/A
11191,15.781130970581462,-84.43987787598783,11192,8,42434,13,11190,6,24814,26,N/A,N/A,N/A,N/A
11192,15.829231059037845,-84.58232916929836,11191,8,11193,10,42827,18,24814,29,N/A,N/A,N/A,N/A
11193,15.877608086113861,-84.74856887909924,11192,10,11194,7,42827,12,N/A,N/A,N/A,N/A,N/A,N/A
11194,15.90806659844109,-84.87110802387005,11195,5,11193,7,42827,11,N/A,N/A,N/A,N/A,N/A,N/A
11195,15.92719997921129,-84.95876885398901,37159,12,11194,5,42827,13,11196,3,N/A,N/A,N/A,N/A
11196,15.939530012654787,-85.02140484023488,37159,10,11195,3,11197,2,N/A,N/A,N/A,N/A,N/A,N/A
11197,15.947646733563365,-85.06608391381035,37159,8,11196,2,11198,2,N/A,N/A,N/A,N/A,N/A,N/A
11198,15.954521531396452,-85.10660627681202,37159,7,11199,3,11197,2,N/A,N/A,N/A,N/A,N/A,N/A
11199,15.96325253573132,-85.16258124845939,37159,7,11200,4,11198,3,N/A,N/A,N/A,N/A,N/A,N/A
11200,15.974029195745793,-85.24143728266688,37159,9,11199,4,11201,6,N/A,N/A,N/A,N/A,N/A,N/A
11201,15.986173006568917,-85.35294739842139,37159,14,11200,6,11202,9,38355,20,N/A,N/A,N/A,N/A
11202,15.996961118267743,-85.51034927749176,11203,10,11201,9,38355,15,N/A,N/A,N/A,N/A,N/A,N/A
11203,15.999750891854736,-85.69168571571338,11202,10,38355,14,11204,7,N/A,N/A,N/A,N/A,N/A,N/A
11204,15.99494564957306,-85.82340782795168,38355,18,11203,7,11205,5,N/A,N/A,N/A,N/A,N/A,N/A
11205,15.987858807504512,-85.91685348613838,11206,3,38355,22,11204,5,36246,20,N/A,N/A,N/A,N/A
11206,15.98090617680835,-85.98308840221951,11207,3,11205,3,36246,17,N/A,N/A,N/A,N/A,N/A,N/A
11207,15.973855801864934,-86.03829651733075,11208,4,11206,3,36246,15,N/A,N/A,N/A,N/A,N/A,N/A
11208,15.962840023666324,-86.11189612455962,11207,4,11209,6,36246,14,N/A,N/A,N/A,N/A,N/A,N/A
11209,15.944925949996675,-86.21512458542486,11208,6,11210,8,36246,14,N/A,N/A,N/A,N/A,N/A,N/A
11210,15.916849825269969,-86.3596399595485,11209,8,11211,11,42849,22,36246,18,N/A,N/A,N/A,N/A
11211,15.878560258413238,-86.55312068707771,42849,13,11210,11,11212,9,N/A,N/A,N/A,N/A,N/A,N/A
11212,15.85114358854763,-86.7125342777454,42849,11,11211,9,11213,6,N/A,N/A,N/A,N/A,N/A,N/A
11213,15.836259371943912,-86.82674975117092,42849,13,11212,6,11214,4,N/A,N/A,N/A,N/A,N/A,N/A
11214,15.828945058131868,-86.9090261887533,40711,18,11215,4,42849,16,11213,4,N/A,N/A,N/A,N/A
11215,15.824796538359342,-86.99422187437874,40711,15,11216,6,11214,4,N/A,N/A,N/A,N/A,N/A,N/A
11216,15.824051350191299,-87.1138038244774,11215,6,40711,13,11217,9,N/A,N/A,N/A,N/A,N/A,N/A
11217,15.830374814316668,-87.2819621294579,40711,15,11216,9,39161,13,11218,10,N/A,N/A,N/A,N/A
11218,15.842849490285598,-87.46658300469811,11217,10,11219,7,39161,8,N/A,N/A,N/A,N/A,N/A,N/A
11219,15.8525612959468,-87.59918616598326,39161,11,11218,7,11220,5,40917,13,N/A,N/A,N/A,N/A
11220,15.858664689122163,-87.69349773318652,11219,5,11221,3,40917,10,N/A,N/A,N/A,N/A,N/A,N/A
11221,15.862178412277043,-87.76061539846398,11220,3,40917,9,11222,2,N/A,N/A,N/A,N/A,N/A,N/A
11222,15.864104805062004,-87.80830631797907,11223,2,11221,2,40917,9,N/A,N/A,N/A,N/A,N/A,N/A
11223,15.865251774394274,-87.84680970775538,11224,2,40917,10,11222,2,N/A,N/A,N/A,N/A,N/A,N/A
11224,15.866250421548566,-87.89735921595712,11223,2,37935,16,11225,4,40917,11,N/A,N/A,N/A,N/A
11225,15.866993890175092,-87.96849648537581,37935,13,11224,4,11226,5,N/A,N/A,N/A,N/A,N/A,N/A
11226,15.867617346805995,-88.06844281496676,37935,12,11225,5,11227,8,N/A,N/A,N/A,N/A,N/A,N/A
11227,15.870593029323327,-88.208901695162,37935,14,40409,15,11226,8,11228,11,N/A,N/A,N/A,N/A
11228,15.893558350544343,-88.40420507183175,40409,12,11227,11,11229,13,N/A,N/A,N/A,N/A,N/A,N/A
11229,16.060682425771514,-88.56030785645507,40409,12,11228,13,11230,12,N/A,N/A,N/A,N/A,N/A,N/A
11230,16.266107262666086,-88.52197604559197,39391,13,11231,8,40409,14,11229,12,N/A,N/A,N/A,N/A
11231,16.407265503096813,-88.4734183197114,39391,9,11232,6,11230,8,N/A,N/A,N/A,N/A,N/A,N/A
11232,16.50663698872727,-88.43693991626533,39311,7,39391,10,11233,4,11231,6,N/A,N/A,N/A,N/A
11233,16.577307869994737,-88.41147230719288,39311,4,11232,4,11234,3,N/A,N/A,N/A,N/A,N/A,N/A
11234,16.6277556727921,-88.3940216669743,39311,4,11233,3,11235,2,N/A,N/A,N/A,N/A,N/A,N/A
11235,16.6706708492319,-88.37987073553441,39311,5,11234,2,11236,3,N/A,N/A,N/A,N/A,N/A,N/A
11236,16.728867744402734,-88.36179598580793,39311,8,37480,20,11235,3,11237,5,N/A,N/A,N/A,N/A
11237,16.811411566441077,-88.33835992645896,37480,21,11236,5,11238,7,N/A,N/A,N/A,N/A,N/A,N/A
11238,16.928396703234935,-88.30957302214598,11239,10,37480,24,11237,7,N/A,N/A,N/A,N/A,N/A,N/A
11239,17.094604537707774,-88.27767583143971,11240,9,11238,10,41092,23,37480,31,N/A,N/A,N/A,N/A
11240,17.257804993231417,-88.25683118655212,11239,9,11241,7,41092,19,N/A,N/A,N/A,N/A,N/A,N/A
11241,17.37451338405,-88.24846709727534,11240,7,11242,4,41092,18,N/A,N/A,N/A,N/A,N/A,N/A
11242,17.457470257421345,-88.24593583277557,11241,4,38641,10,11243,3,41092,20,N/A,N/A,N/A,N/A
11243,17.517154691699012,-88.24591233699186,38641,7,11242,3,11244,3,N/A,N/A,N/A,N/A,N/A,N/A
11244,17.57884913227329,-88.24741019076207,38641,5,11243,3,11245,5,N/A,N/A,N/A,N/A,N/A,N/A
11245,17.66527330448823,-88.25142745101468,38641,6,11244,5,11246,7,N/A,N/A,N/A,N/A,N/A,N/A
11246,17.786808158900097,-88.25886753539955,11247,10,38641,12,38213,21,11245,7,N/A,N/A,N/A,N/A
11247,17.957633456560828,-88.26696867927582,11248,13,38213,20,11246,10,N/A,N/A,N/A,N/A,N/A,N/A
11248,18.17937937004046,-88.2565123910067,11247,13,11249,10,38213,24,39430,23,N/A,N/A,N/A,N/A
11249,18.350178364507343,-88.21172143079603,11248,10,11250,10,39430,16,N/A,N/A,N/A,N/A,N/A,N/A
11250,18.50992099391031,-88.12136881124928,11249,10,11251,14,39430,10,N/A,N/A,N/A,N/A,N/A,N/A
11251,18.702264624970425,-87.96343046365382,11250,14,11252,12,36413,11,39430,15,N/A,N/A,N/A,N/A
11252,18.857344979490072,-87.82864857755185,11251,12,11253,8,36413,8,N/A,N/A,N/A,N/A,N/A,N/A
11253,18.97379717797791,-87.74135438055906,11254,7,11252,8,36413,14,30492,28,N/A,N/A,N/A,N/A
11254,19.07870441795335,-87.67942258325736,11255,9,30492,30,11253,7,N/A,N/A,N/A,N/A,N/A,N/A
11255,19.22805251265321,-87.61323997923695,11256,12,41107,28,30492,36,11254,9,N/A,N/A,N/A,N/A
11256,19.42422267482888,-87.54849838965838,11255,12,11257,9,41107,19,N/A,N/A,N/A,N/A,N/A,N/A
11257,19.57660820080293,-87.50560657727368,11256,9,11258,6,41107,15,N/A,N/A,N/A,N/A,N/A,N/A
11258,19.685059163449875,-87.47518307843183,11259,4,11257,6,41107,15,N/A,N/A,N/A,N/A,N/A,N/A
11259,19.761805800848713,-87.45238216439475,11258,4,41107,17,11260,3,41478,8,N/A,N/A,N/A,N/A
11260,19.81606645538763,-87.43514294930071,11259,3,11261,3,41478,5,N/A,N/A,N/A,N/A,N/A,N/A
11261,19.863970075925636,-87.41891896236521,11262,4,11260,3,41478,3,N/A,N/A,N/A,N/A,N/A,N/A
11262,19.9287451948075,-87.39553239072306,11263,5,11261,4,41478,4,N/A,N/A,N/A,N/A,N/A,N/A
11263,20.01958111173771,-87.36043225282842,35984,10,41478,9,11262,5,11264,8,N/A,N/A,N/A,N/A
11264,20.146231963792385,-87.30846579763428,11263,8,35984,8,11265,10,N/A,N/A,N/A,N/A,N/A,N/A
11265,20.316447842586626,-87.23702708029255,11266,9,11264,10,38990,16,35984,15,N/A,N/A,N/A,N/A
11266,20.457943984391058,-87.1802825752247,11265,9,11267,6,38990,9,N/A,N/A,N/A,N/A,N/A,N/A
11267,20.55971397466104,-87.14304615333972,11266,6,11268,4,38990,7,N/A,N/A,N/A,N/A,N/A,N/A
11268,20.632707607807408,-87.11895431436811,11267,4,11269,3,38990,9,N/A,N/A,N/A,N/A,N/A,N/A
11269,20.690653209586735,-87.10169299261436,11270,4,11268,3,38990,11,N/A,N/A,N/A,N/A,N/A,N/A
11270,20.765714559405918,-87.08204619209202,11271,6,42635,26,11269,4,38990,15,N/A,N/A,N/A,N/A
11271,20.87260935390289,-87.059922021625,11272,9,42635,21,11270,6,N/A,N/A,N/A,N/A,N/A,N/A
11272,21.024541575600004,-87.04283398061571,11271,9,11273,12,42635,18,N/A,N/A,N/A,N/A,N/A,N/A
11273,21.237726710491966,-87.0614694141321,11272,12,11274,13,42635,23,37620,36,N/A,N/A,N/A,N/A
11274,21.434647842018304,-87.18159382074826,11273,13,11275,13,37620,27,N/A,N/A,N/A,N/A,N/A,N/A
11275,21.535769624534534,-87.40403551357642,11274,13,37620,30,11276,10,36798,25,N/A,N/A,N/A,N/A
11276,21.563311784563428,-87.59175005132558,11275,10,11277,7,36798,18,N/A,N/A,N/A,N/A,N/A,N/A
11277,21.568035913070254,-87.72679458803131,11278,5,11276,7,36798,17,N/A,N/A,N/A,N/A,N/A,N/A
11278,21.566204103311488,-87.82269747258137,11279,3,42273,8,11277,5,36798,19,N/A,N/A,N/A,N/A
11279,21.562825323456,-87.89081820124244,11280,2,42273,5,11278,3,N/A,N/A,N/A,N/A,N/A,N/A
11280,21.559485837850858,-87.93970244505876,11279,2,42273,4,11281,2,N/A,N/A,N/A,N/A,N/A,N/A
11281,21.555265684882002,-87.99074124706694,11280,2,38625,4,11282,4,42273,4,N/A,N/A,N/A,N/A
11282,21.548185135128666,-88.06225736187685,11281,4,11283,5,38625,3,N/A,N/A,N/A,N/A,N/A,N/A
11283,21.536188123707042,-88.1625199279564,11282,5,38625,7,41610,14,11284,7,N/A,N/A,N/A,N/A
11284,21.515919239485683,-88.30312952437716,41610,15,11283,7,11285,9,N/A,N/A,N/A,N/A,N/A,N/A
11285,21.487063551105088,-88.47478763150396,40911,13,41610,21,11284,9,11286,7,N/A,N/A,N/A,N/A
11286,21.463571883232664,-88.60319377342186,40911,7,11287,5,11285,7,N/A,N/A,N/A,N/A,N/A,N/A
11287,21.446410460900037,-88.69426510490533,40911,6,11288,3,11286,5,N/A,N/A,N/A,N/A,N/A,N/A
11288,21.434139143289702,-88.7590036242071,40911,8,11287,3,11289,2,N/A,N/A,N/A,N/A,N/A,N/A
11289,21.42542883772271,-88.80510574239219,40911,9,39672,5,11290,1,11288,2,N/A,N/A,N/A,N/A
11290,21.419278685574827,-88.8378568368814,39672,3,11289,1,11291,1,N/A,N/A,N/A,N/A,N/A,N/A
11291,21.41493614871113,-88.86112766707444,39672,2,11290,1,11292,0,N/A,N/A,N/A,N/A,N/A,N/A
11292,21.41186762993363,-88.87766132073224,39672,2,11291,0,11293,0,N/A,N/A,N/A,N/A,N/A,N/A
11293,21.409534346275723,-88.89029045623107,39672,2,11292,0,11294,0,N/A,N/A,N/A,N/A,N/A,N/A
11294,21.406659239421106,-88.9059191516347,11295,1,39672,2,11293,0,N/A,N/A,N/A,N/A,N/A,N/A
11295,21.402630238742116,-88.92791860757636,37767,4,39672,3,11296,1,11294,1,N/A,N/A,N/A,N/A
11296,21.396980077931214,-88.95888816658811,11295,1,37767,3,11297,2,N/A,N/A,N/A,N/A,N/A,N/A
11297,21.389034203265673,-89.00245865279717,37767,2,11296,2,11298,3,N/A,N/A,N/A,N/A,N/A,N/A
11298,21.377768584800595,-89.06366226680058,37767,4,39088,13,11297,3,11299,4,N/A,N/A,N/A,N/A
11299,21.36141345373778,-89.14970714445079,39088,12,11298,4,11300,6,N/A,N/A,N/A,N/A,N/A,N/A
11300,21.33659842361987,-89.27020459515737,39088,15,11299,6,11301,9,N/A,N/A,N/A,N/A,N/A,N/A
11301,21.295605616792795,-89.4381201447095,39088,22,37706,25,11300,9,11302,10,N/A,N/A,N/A,N/A
11302,21.237919896205383,-89.6185183588654,11303,7,37706,20,11301,10,N/A,N/A,N/A,N/A,N/A,N/A
11303,21.185340325376,-89.74340087257309,11304,6,37706,19,11302,7,N/A,N/A,N/A,N/A,N/A,N/A
11304,21.134951477953486,-89.83946408159791,11303,6,11305,8,37706,21,N/A,N/A,N/A,N/A,N/A,N/A
11305,21.058747317501926,-89.95713015457302,11304,8,N/A,N/A,N/A,N/A,N/A,N/A,N/A,N/A,N/A,N/A
22792,20.309019578473922,-75.22373499491133,22793,11,36122,28,37469,25,2222,14,N/A,N/A,N/A,N/A
22793,20.482429098178322,-75.31705445734333,22794,8,22792,11,37866,11,36122,28,N/A,N/A,N/A,N/A
22794,20.59637504584576,-75.40088656872771,22793,8,37866,7,22795,5,N/A,N/A,N/A,N/A,N/A,N/A
22795,20.672606535058687,-75.46746864369621,22794,5,38552,18,37866,10,22796,5,N/A,N/A,N/A,N/A
22796,20.741014600954863,-75.53566204464782,38552,15,22795,5,22797,7,N/A,N/A,N/A,N/A,N/A,N/A
22797,20.82963918394165,-75.63728039700096,38552,15,22796,7,22798,10,N/A,N/A,N/A,N/A,N/A,N/A
22798,20.939612972964913,-75.7859146719875,22799,9,38552,20,41956,19,22797,10,N/A,N/A,N/A,N/A
22799,21.024933577474396,-75.91908937022538,22800,6,41956,11,22798,9,N/A,N/A,N/A,N/A,N/A,N/A
22800,21.08196158482313,-76.01650895106667,22799,6,22801,4,41956,7,N/A,N/A,N/A,N/A,N/A,N/A
22801,21.12099768856595,-76.08671942730884,22800,4,22802,3,41956,7,N/A,N/A,N/A,N/A,N/A,N/A
22802,21.148161663191672,-76.137073041701,22801,3,22803,2,41956,9,36117,3,N/A,N/A,N/A,N/A
22803,21.167241208783814,-76.17308877254682,22802,2,22804,1,36117,1,N/A,N/A,N/A,N/A,N/A,N/A
22804,21.180697554479785,-76.19877665397084,22803,1,22805,1,36117,1,N/A,N/A,N/A,N/A,N/A,N/A
22805,21.190214535305813,-76.21707421580979,22804,1,36117,2,40349,1,22806,0,N/A,N/A,N/A,N/A
22806,21.196993514873697,-76.23016816638142,22807,0,22805,0,40349,0,N/A,N/A,N/A,N/A,N/A,N/A
22807,21.203621362494427,-76.24301610373361,22808,1,40349,0,22806,0,N/A,N/A,N/A,N/A,N/A,N/A
22808,21.212843826759627,-76.26096837354632,22807,1,22809,1,40349,1,37790,3,N/A,N/A,N/A,N/A
22809,21.225730862958528,-76.28619967185644,22808,1,22810,2,37790,3,N/A,N/A,N/A,N/A,N/A,N/A
22810,21.243739910391717,-76.32174355740948,22809,2,22811,3,37790,4,N/A,N/A,N/A,N/A,N/A,N/A
22811,21.268917378619957,-76.37199033209767,22810,3,22812,4,37348,18,37790,6,N/A,N/A,N/A,N/A
22812,21.303771127788945,-76.44261200371821,22811,4,37348,16,22813,6,N/A,N/A,N/A,N/A,N/A,N/A
22813,21.352085570040394,-76.54253478406936,22814,8,22812,6,37348,15,N/A,N/A,N/A,N/A,N/A,N/A
22814,21.417174920840033,-76.68080677767242,22815,7,37348,18,22813,8,N/A,N/A,N/A,N/A,N/A,N/A
22815,21.473229306276203,-76.80314245713637,22816,5,37348,23,41613,11,22814,7,N/A,N/A,N/A,N/A
22816,21.51248589779067,-76.89053617362079,22815,5,22817,3,41613,7,N/A,N/A,N/A,N/A,N/A,N/A
22817,21.54015829813428,-76.95295481482671,22816,3,22818,2,41613,5,N/A,N/A,N/A,N/A,N/A,N/A
22818,21.559674223244738,-76.99736515486916,22817,2,22819,1,40308,3,41613,5,N/A,N/A,N/A,N/A
22819,21.573507944447513,-77.02903444785018,22818,1,40308,1,22820,1,N/A,N/A,N/A,N/A,N/A,N/A
22820,21.583303322595967,-77.05155160537005,22819,1,40308,1,22821,0,N/A,N/A,N/A,N/A,N/A,N/A
22821,21.59026614388836,-77.0676033521345,22820,0,40308,1,22822,0,N/A,N/A,N/A,N/A,N/A,N/A
22822,21.59521140346285,-77.07902678880004,22823,0,38003,1,40308,2,22821,0,N/A,N/A,N/A,N/A
22823,21.59872348960033,-77.08715105467444,22824,0,38003,1,22822,0,N/A,N/A,N/A,N/A,N/A,N/A
22824,21.60121959700179,-77.09293085595834,22823,0,22825,0,38003,1,N/A,N/A,N/A,N/A,N/A,N/A
22825,21.60327756380813,-77.09769969007047,22824,0,22826,0,38003,1,N/A,N/A,N/A,N/A,N/A,N/A
22826,21.606004845815566,-77.1040243979856,22827,0,22825,0,38003,1,N/A,N/A,N/A,N/A,N/A,N/A
22827,21.609838829785048,-77.11292489385929,22826,0,38003,1,22828,0,N/A,N/A,N/A,N/A,N/A,N/A
22828,21.615216581786957,-77.1254270716101,22827,0,38003,2,22829,1,N/A,N/A,N/A,N/A,N/A,N/A
22829,21.622775573482897,-77.14303424606516,36207,7,38003,2,22828,1,22830,1,N/A,N/A,N/A,N/A
22830,21.633361864913475,-77.16775644076037,36207,6,22831,2,22829,1,N/A,N/A,N/A,N/A,N/A,N/A
22831,21.6482250690732,-77.20258205314316,36207,5,22832,3,22830,2,N/A,N/A,N/A,N/A,N/A,N/A
22832,21.66906890698427,-77.2516208761369,42855,6,22831,3,22833,4,36207,6,N/A,N/A,N/A,N/A
22833,21.6981582083526,-77.32037217425504,42855,3,22832,4,22834,5,N/A,N/A,N/A,N/A,N/A,N/A
22834,21.739064414811722,-77.41744894878421,42855,5,42888,12,22833,5,22835,8,N/A,N/A,N/A,N/A
22835,21.796150021593103,-77.55307218708538,42888,9,22834,8,22836,8,N/A,N/A,N/A,N/A,N/A,N/A
22836,21.85194810904104,-77.68494989658402,42888,12,40898,11,22835,8,22837,5,N/A,N/A,N/A,N/A
22837,21.891951238708465,-77.778578796507,40898,6,22836,5,22838,4,N/A,N/A,N/A,N/A,N/A,N/A
22838,21.92070199324514,-77.84520204922252,22839,2,40898,5,22837,4,N/A,N/A,N/A,N/A,N/A,N/A
22839,21.941274213716348,-77.89246391039666,22840,2,40898,5,22838,2,N/A,N/A,N/A,N/A,N/A,N/A
22840,21.956015366508126,-77.92609710964237,22839,2,22841,1,40898,7,N/A,N/A,N/A,N/A,N/A,N/A
22841,21.966543670119794,-77.94999176365917,22840,1,40161,6,40898,8,22842,1,N/A,N/A,N/A,N/A
22842,21.974052712092696,-77.96696691125666,40161,5,22843,0,22841,1,N/A,N/A,N/A,N/A,N/A,N/A
22843,21.979813296784904,-77.97995055647276,40161,5,22842,0,22844,0,N/A,N/A,N/A,N/A,N/A,N/A
22844,21.986990484007777,-77.99608003631782,40161,4,22843,0,22845,1,N/A,N/A,N/A,N/A,N/A,N/A
22845,21.997111519675336,-78.01874018576781,40161,4,22844,1,22846,1,N/A,N/A,N/A,N/A,N/A,N/A
22846,22.01142217513371,-78.05062020023978,22847,2,40161,4,22845,1,N/A,N/A,N/A,N/A,N/A,N/A
22847,22.031603347076317,-78.09528487167798,22848,3,40161,5,22846,2,N/A,N/A,N/A,N/A,N/A,N/A
22848,22.060197665704496,-78.15805220368885,22847,3,40161,8,22849,5,41044,13,N/A,N/A,N/A,N/A
22849,22.10065860254981,-78.24601845268107,22848,5,22850,7,41044,9,N/A,N/A,N/A,N/A,N/A,N/A
22850,22.15798771733913,-78.36944567488335,22849,7,22851,8,41044,9,N/A,N/A,N/A,N/A,N/A,N/A
22851,22.222822588287457,-78.50815419421411,22850,8,22852,6,41044,14,39678,8,N/A,N/A,N/A,N/A
22852,22.26967301230267,-78.608355154544,22851,6,22853,4,39678,6,N/A,N/A,N/A,N/A,N/A,N/A
22853,22.302905418844034,-78.6796523676759,39678,8,37580,6,22852,4,22854,3,N/A,N/A,N/A,N/A
22854,22.32650646417059,-78.73048555928845,22855,2,37580,4,22853,3,N/A,N/A,N/A,N/A,N/A,N/A
22855,22.343232621943514,-78.7666436087512,22856,1,37580,4,22854,2,N/A,N/A,N/A,N/A,N/A,N/A
22856,22.355130166179897,-78.79244202419223,22855,1,22857,1,37580,4,N/A,N/A,N/A,N/A,N/A,N/A
22857,22.363559022828042,-78.81076294086239,42311,1,22856,1,22858,0,37580,5,N/A,N/A,N/A,N/A
22858,22.36956274109439,-78.82383640489358,42311,1,22857,0,22859,0,N/A,N/A,N/A,N/A,N/A,N/A
22859,22.37382679874053,-78.8331342646843,42311,0,22858,0,22860,0,N/A,N/A,N/A,N/A,N/A,N/A
22860,22.376851907745063,-78.8397371356287,42311,0,22859,0,22861,0,N/A,N/A,N/A,N/A,N/A,N/A
22861,22.37901657084691,-78.84446534122304,42311,0,22860,0,22862,0,N/A,N/A,N/A,N/A,N/A,N/A
22862,22.38114443465018,-78.84911598919363,42311,1,22863,0,22861,0,N/A,N/A,N/A,N/A,N/A,N/A
22863,22.38411120390181,-78.85560484116307,42311,1,22864,0,22862,0,N/A,N/A,N/A,N/A,N/A,N/A
22864,22.388277790717332,-78.86472719621095,22863,0,42311,1,22865,0,38467,5,N/A,N/A,N/A,N/A
22865,22.394125766317124,-78.87754924636495,22864,0,22866,1,38467,5,N/A,N/A,N/A,N/A,N/A,N/A
22866,22.402333540783513,-78.89558206006271,22867,1,22865,1,38467,4,N/A,N/A,N/A,N/A,N/A,N/A
22867,22.413845889384138,-78.9209486467793,22866,1,38467,4,22868,2,N/A,N/A,N/A,N/A,N/A,N/A
22868,22.429976969601846,-78.95663985267727,38467,4,22867,2,22869,3,N/A,N/A,N/A,N/A,N/A,N/A
22869,22.452599223476717,-79.00699265170991,38467,6,22868,3,22870,4,N/A,N/A,N/A,N/A,N/A,N/A
22870,22.484064206064712,-79.0776349211088,22871,6,39648,18,38467,10,22869,4,N/A,N/A,N/A,N/A
22871,22.5278607314321,-79.17721371141016,39648,15,22870,6,22872,8,N/A,N/A,N/A,N/A,N/A,N/A
22872,22.587632788613046,-79.31567615514055,22871,8,39648,15,22873,7,N/A,N/A,N/A,N/A,N/A,N/A
22873,22.640286077087612,-79.44035731943542,39648,19,22874,5,40658,11,22872,7,N/A,N/A,N/A,N/A
22874,22.677132319782714,-79.52927371190478,22873,5,40658,7,22875,3,N/A,N/A,N/A,N/A,N/A,N/A
22875,22.703013778691883,-79.59261689192053,22874,3,40658,5,22876,2,N/A,N/A,N/A,N/A,N/A,N/A
22876,22.721285319211763,-79.63780138808374,40658,5,22875,2,22877,1,N/A,N/A,N/A,N/A,N/A,N/A
22877,22.734228243081567,-79.6700515361222,40658,6,41179,3,22876,1,22878,1,N/A,N/A,N/A,N/A
22878,22.743377047016914,-79.6929729416101,22879,0,41179,1,22877,1,N/A,N/A,N/A,N/A,N/A,N/A
22879,22.749867869517725,-79.70929921147334,22880,0,41179,1,22878,0,N/A,N/A,N/A,N/A,N/A,N/A
22880,22.754471328258433,-79.72091098667057,22879,0,22881,0,41179,1,N/A,N/A,N/A,N/A,N/A,N/A
22881,22.757767746288565,-79.72924276291229,22880,0,22882,0,41179,1,N/A,N/A,N/A,N/A,N/A,N/A
22882,22.76110614156148,-79.73769601588293,22883,0,22881,0,41179,1,N/A,N/A,N/A,N/A,N/A,N/A
22883,22.76576600845679,-79.74952845477667,22882,0,41179,2,22884,1,N/A,N/A,N/A,N/A,N/A,N/A
22884,22.772284513122127,-79.76616549622969,22883,1,41179,2,22885,1,38589,6,N/A,N/A,N/A,N/A
22885,22.781371763590396,-79.78958191248391,22884,1,38589,5,22886,1,N/A,N/A,N/A,N/A,N/A,N/A
22886,22.79397412818326,-79.82265016520363,22887,2,22885,1,38589,4,N/A,N/A,N/A,N/A,N/A,N/A
22887,22.811150559116694,-79.86929965125532,22888,3,38589,5,22886,2,N/A,N/A,N/A,N/A,N/A,N/A
22888,22.833984281189093,-79.93549181568397,22887,3,37865,12,22889,5,38589,8,N/A,N/A,N/A,N/A
22889,22.8628982495892,-80.03019287289726,22888,5,37865,9,22890,7,N/A,N/A,N/A,N/A,N/A,N/A
22890,22.895977456331064,-80.16559554798877,37865,9,22891,10,22889,7,N/A,N/A,N/A,N/A,N/A,N/A
22891,22.92778364115902,-80.36066682239021,37865,17,22890,10,22892,11,36850,31,N/A,N/A,N/A,N/A
22892,22.94489921312412,-80.56586164517581,36850,28,22891,11,22893,9,N/A,N/A,N/A,N/A,N/A,N/A
22893,22.94930775036909,-80.72903459664943,36850,29,22892,9,22894,11,N/A,N/A,N/A,N/A,N/A,N/A
22894,22.945681128681457,-80.9402717999248,22895,16,39489,30,36850,35,22893,11,N/A,N/A,N/A,N/A
22895,22.926861303522355,-81.2383485240248,22896,23,39489,22,22894,16,N/A,N/A,N/A,N/A,N/A,N/A
22896,22.881268087282006,-81.65623499551104,22895,23,22897,32,36162,38,39489,30,N/A,N/A,N/A,N/A
22897,22.787350805460438,-82.23972861057544,36104,48,36162,39,22898,45,22896,32,N/A,N/A,N/A,N/A
22898,22.570918260453723,-83.03147449427655,37763,44,36104,44,25296,63,22897,45,28114,52,22899,29
22899,22.26560154358054,-82.6141400748573,22898,29,37763,36,27356,37,22900,31,N/A,N/A,N/A,N/A
22900,22.180406205188643,-82.06108855862136,22899,31,27356,26,22901,22,N/A,N/A,N/A,N/A,N/A,N/A
22901,22.124999860967144,-81.66656259433144,22902,15,27356,36,34901,38,22900,22,N/A,N/A,N/A,N/A
22902,22.084086051196742,-81.38583067746855,22903,11,22901,15,34901,28,N/A,N/A,N/A,N/A,N/A,N/A
22903,22.05254281431188,-81.18630052897531,37911,14,22904,8,34901,25,22902,11,N/A,N/A,N/A,N/A
22904,22.02811579162584,-81.04410487053657,37911,8,22903,8,22905,5,N/A,N/A,N/A,N/A,N/A,N/A
22905,22.009646735622056,-80.94305147246392,37911,6,22904,5,22906,4,N/A,N/A,N/A,N/A,N/A,N/A
22906,21.99593011137092,-80.87130014672636,37911,8,42328,7,22905,4,22907,3,N/A,N/A,N/A,N/A
22907,21.98382156963702,-80.8101427434116,42328,6,22906,3,22908,4,N/A,N/A,N/A,N/A,N/A,N/A
22908,21.966922210275715,-80.72798474472783,42328,7,22907,4,22909,6,N/A,N/A,N/A,N/A,N/A,N/A
22909,21.94195789351784,-80.61284302191967,39927,16,42328,12,22908,6,22910,9,N/A,N/A,N/A,N/A
22910,21.90456270273686,-80.45229182510602,39927,12,22911,10,22909,9,N/A,N/A,N/A,N/A,N/A,N/A
22911,21.860163168896012,-80.27565191097631,39927,15,22912,7,22910,10,N/A,N/A,N/A,N/A,N/A,N/A
22912,21.826710817231245,-80.14811528384158,39927,20,22911,7,22913,5,38485,13,N/A,N/A,N/A,N/A
22913,21.80290624315225,-80.05739343833932,22912,5,22914,3,38485,9,N/A,N/A,N/A,N/A,N/A,N/A
22914,21.786315446003858,-79.99272478964126,22913,3,22915,2,38485,8,N/A,N/A,N/A,N/A,N/A,N/A
22915,21.774834546743865,-79.94662119096152,22914,2,22916,1,38485,8,N/A,N/A,N/A,N/A,N/A,N/A
22916,21.76655408516757,-79.91238718201012,22915,1,22917,2,38485,8,N/A,N/A,N/A,N/A,N/A,N/A
22917,21.75717409848815,-79.87245667784227,22916,2,38485,9,22918,3,N/A,N/A,N/A,N/A,N/A,N/A
22918,21.74436806084016,-79.81622083288772,22919,4,22917,3,38485,11,N/A,N/A,N/A,N/A,N/A,N/A
22919,21.726834807382673,-79.7370246850156,22920,6,40084,22,38485,15,22918,4,N/A,N/A,N/A,N/A
22920,21.70235748371377,-79.62571232455274,22919,6,22921,8,40084,19,N/A,N/A,N/A,N/A,N/A,N/A
22921,21.666056197605027,-79.46972164860598,22920,8,22922,11,40084,20,N/A,N/A,N/A,N/A,N/A,N/A
22922,21.610403664211294,-79.27049339251677,22921,11,22923,9,40084,25,36965,21,N/A,N/A,N/A,N/A
22923,21.554805539316494,-79.11824415386165,22922,9,22924,6,36965,16,N/A,N/A,N/A,N/A,N/A,N/A
22924,21.505990879336437,-79.0130797197709,22923,6,22925,6,36965,14,N/A,N/A,N/A,N/A,N/A,N/A
22925,21.44591839435286,-78.90757393158239,22924,6,36965,15,22926,9,N/A,N/A,N/A,N/A,N/A,N/A
22926,21.35150302142707,-78.767885562542,22927,12,41169,25,22925,9,36965,19,N/A,N/A,N/A,N/A
22927,21.21639396423663,-78.5881781442872,22928,10,41169,17,22926,12,N/A,N/A,N/A,N/A,N/A,N/A
22928,21.107301490846673,-78.44027118265988,22927,10,41169,17,22929,7,N/A,N/A,N/A,N/A,N/A,N/A
22929,21.03512425909394,-78.33116668164732,22928,7,38161,17,22930,5,41169,20,N/A,N/A,N/A,N/A
22930,20.98571947124892,-78.24542428026615,38161,13,22931,6,22929,5,N/A,N/A,N/A,N/A,N/A,N/A
22931,20.93207224814614,-78.13805152252539,38161,10,22930,6,22932,9,N/A,N/A,N/A,N/A,N/A,N/A
22932,20.86239432735694,-77.98393806409508,38161,13,22931,9,22933,13,N/A,N/A,N/A,N/A,N/A,N/A
22933,20.757140513575216,-77.77174491789299,38161,24,22934,14,22932,13,40478,29,N/A,N/A,N/A,N/A
22934,20.579859170408106,-77.59474644468438,22935,16,22933,14,40478,24,N/A,N/A,N/A,N/A,N/A,N/A
22935,20.31432906113542,-77.56571017003502,22936,17,22934,16,40478,17,N/A,N/A,N/A,N/A,N/A,N/A
22936,20.025449577657866,-77.529042294521,22935,17,22937,12,35508,12,40478,24,N/A,N/A,N/A,N/A
22937,19.93013240082934,-77.33181519598992,38943,14,22936,12,22938,9,35508,14,N/A,N/A,N/A,N/A
22938,19.917549247739345,-77.1710012740382,38943,8,22937,9,22939,6,N/A,N/A,N/A,N/A,N/A,N/A
22939,19.918083255121857,-77.05650812801458,38943,8,22938,6,22940,4,N/A,N/A,N/A,N/A,N/A,N/A
22940,19.92084273354915,-76.97537122580762,38943,11,42449,5,22939,4,22941,3,N/A,N/A,N/A,N/A
22941,19.923502903674606,-76.91753781638315,42449,3,22940,3,22942,2,N/A,N/A,N/A,N/A,N/A,N/A
22942,19.925594710713515,-76.87652083390608,22943,1,42449,2,22941,2,N/A,N/A,N/A,N/A,N/A,N/A
22943,19.92714356128427,-76.8472765366707,22944,1,40001,3,42449,3,22942,1,N/A,N/A,N/A,N/A
22944,19.92825619163867,-76.82651782997411,22943,1,40001,2,22945,0,N/A,N/A,N/A,N/A,N/A,N/A
22945,19.92905082772709,-76.81171305742306,22944,0,40001,2,22946,0,N/A,N/A,N/A,N/A,N/A,N/A
22946,19.929614278354336,-76.80118917608267,39455,0,40001,1,22947,0,22945,0,N/A,N/A,N/A,N/A
22947,19.93001309622948,-76.79371368987108,39455,0,22946,0,22948,0,N/A,N/A,N/A,N/A,N/A,N/A
22948,19.930296219561537,-76.78838852489875,39455,0,22947,0,22949,0,N/A,N/A,N/A,N/A,N/A,N/A
22949,19.930499336392938,-76.78455697958753,39455,0,22948,0,22950,0,N/A,N/A,N/A,N/A,N/A,N/A
22950,19.93071120735019,-76.78054919887765,39455,0,42399,0,22951,0,22949,0,N/A,N/A,N/A,N/A
22951,19.931007306107713,-76.77492859851638,42399,0,22952,0,22950,0,N/A,N/A,N/A,N/A,N/A,N/A
22952,19.931421156304598,-76.76703381051661,42399,0,22951,0,22953,0,N/A,N/A,N/A,N/A,N/A,N/A
22953,19.931999221973715,-76.75592795711081,42399,1,22952,0,22954,0,41908,2,N/A,N/A,N/A,N/A
22954,19.93280409643419,-76.74030585660424,22953,0,22955,1,41908,2,N/A,N/A,N/A,N/A,N/A,N/A
22955,19.933916643028912,-76.71838894835756,22956,1,22954,1,41908,2,37662,2,N/A,N/A,N/A,N/A
22956,19.935450086442923,-76.68751072606773,22955,1,22957,2,37662,2,N/A,N/A,N/A,N/A,N/A,N/A
22957,19.937531525296716,-76.64419089007382,22958,3,22956,2,37662,3,N/A,N/A,N/A,N/A,N/A,N/A
22958,19.940315357406917,-76.5832082828471,22959,4,37242,11,22957,3,37662,6,N/A,N/A,N/A,N/A
22959,19.943913658782446,-76.49755809719464,22960,6,37242,14,22958,4,N/A,N/A,N/A,N/A,N/A,N/A
22960,19.948295546686552,-76.37699931157987,22959,6,41330,18,37242,20,22961,8,N/A,N/A,N/A,N/A
22961,19.952620494301293,-76.22066491796926,22960,8,41330,11,22962,7,N/A,N/A,N/A,N/A,N/A,N/A
22962,19.954796015172732,-76.09666547991851,22961,7,41330,9,22963,4,N/A,N/A,N/A,N/A,N/A,N/A
22963,19.95557571547537,-76.00848318438521,41330,11,22962,4,41546,4,22964,3,N/A,N/A,N/A,N/A
22964,19.95570294801486,-75.94575349030063,41546,2,22963,3,22965,2,N/A,N/A,N/A,N/A,N/A,N/A
22965,19.955561283940284,-75.90106937924168,41546,3,22964,2,22966,1,N/A,N/A,N/A,N/A,N/A,N/A
22966,19.955337150760393,-75.86932260990527,22967,1,42185,4,41546,4,22965,1,N/A,N/A,N/A,N/A
22967,19.95511260895715,-75.84670714123273,22968,0,42185,3,22966,1,N/A,N/A,N/A,N/A,N/A,N/A
22968,19.954920647144032,-75.83063306075526,22967,0,42185,2,22969,0,N/A,N/A,N/A,N/A,N/A,N/A
22969,19.95473835192491,-75.81686319345232,22968,0,42185,2,22970,1,N/A,N/A,N/A,N/A,N/A,N/A
22970,19.954471809668117,-75.7982427447585,42185,2,22971,1,22969,1,N/A,N/A,N/A,N/A,N/A,N/A
22971,19.954072976812757,-75.77206758750813,42185,3,22970,1,22972,2,N/A,N/A,N/A,N/A,N/A,N/A
22972,19.9535071340187,-75.73529364876056,42185,4,22971,2,22973,2,N/A,N/A,N/A,N/A,N/A,N/A
22973,19.952825800119953,-75.6835801511975,42185,7,36953,20,22972,2,22974,4,N/A,N/A,N/A,N/A
22974,19.952490425154423,-75.61092399523,22975,5,36953,18,22973,4,N/A,N/A,N/A,N/A,N/A,N/A
22975,19.954660654229766,-75.50912188138328,22976,8,36953,18,22974,5,N/A,N/A,N/A,N/A,N/A,N/A
22976,19.969596339763594,-75.36726680646763,22975,8,36953,20,37469,24,2222,10,N/A,N/A,N/A,N/A
23384,18.28336682172657,-70.25688777407252,23385,3,41810,12,2293,4,N/A,N/A,N/A,N/A,N/A,N/A
23385,18.2889896277961,-70.18867178748259,23384,3,23386,5,41810,15,38077,14,N/A,N/A,N/A,N/A
23386,18.297152641440306,-70.0966993640339,23385,5,23387,7,38077,11,N/A,N/A,N/A,N/A,N/A,N/A
23387,18.309873146998275,-69.96806895663038,23386,7,23388,10,38077,11,N/A,N/A,N/A,N/A,N/A,N/A
23388,18.33084618061229,-69.7882614868009,31179,36,23387,10,23389,14,38077,17,N/A,N/A,N/A,N/A
23389,18.368825660256217,-69.53848481903827,31179,30,23388,14,23390,20,N/A,N/A,N/A,N/A,N/A,N/A
23390,18.453355424674513,-69.19693150897405,23391,24,41472,51,31179,34,23389,20,N/A,N/A,N/A,N/A
23391,18.77244367296281,-68.94117954774306,23392,24,41025,45,23390,24,41472,36,N/A,N/A,N/A,N/A
23392,19.08750758087348,-69.20517913891588,23391,24,41025,32,23393,17,N/A,N/A,N/A,N/A,N/A,N/A
23393,19.26642056468203,-69.44373191552195,40287,18,23392,17,41025,36,23394,12,N/A,N/A,N/A,N/A
23394,19.381703220454966,-69.62420097109454,40287,10,23393,12,23395,8,N/A,N/A,N/A,N/A,N/A,N/A
23395,19.458618837777962,-69.75675830353634,40287,12,23394,8,23396,6,N/A,N/A,N/A,N/A,N/A,N/A
23396,19.51084237852744,-69.85322113138987,40287,16,23395,6,43428,11,23397,4,N/A,N/A,N/A,N/A
23397,19.5470473511248,-69.92396246663766,23398,4,43428,9,23396,4,N/A,N/A,N/A,N/A,N/A,N/A
23398,19.58341821796854,-69.99908213608856,23399,6,43428,9,23397,4,N/A,N/A,N/A,N/A,N/A,N/A
23399,19.63108849771056,-70.10562542952123,23400,9,41438,25,43428,13,23398,6,N/A,N/A,N/A,N/A
23400,19.69068471709152,-70.25808384578939,23399,9,23401,11,41438,20,N/A,N/A,N/A,N/A,N/A,N/A
23401,19.749225658275474,-70.44634035172216,23400,11,23402,8,38468,10,41438,20,N/A,N/A,N/A,N/A
23402,19.78244490484318,-70.59024124359973,23401,8,23403,5,38468,4,N/A,N/A,N/A,N/A,N/A,N/A
23403,19.800466020313277,-70.69432838300048,23402,5,38468,6,23404,4,N/A,N/A,N/A,N/A,N/A,N/A
23404,19.810527759876376,-70.76911199447832,23403,4,23405,3,38621,10,38468,9,N/A,N/A,N/A,N/A
23405,19.8166824683569,-70.82581775660948,23404,3,38621,9,23406,3,N/A,N/A,N/A,N/A,N/A,N/A
23406,19.82261736955064,-70.89471444796013,23407,5,38621,9,23405,3,N/A,N/A,N/A,N/A,N/A,N/A
23407,19.828483049557633,-70.99148014272726,23408,7,38621,11,23406,5,N/A,N/A,N/A,N/A,N/A,N/A
23408,19.832859023172873,-71.12720870678949,23407,7,23409,10,41868,25,38621,17,N/A,N/A,N/A,N/A
23409,19.834133081793773,-71.31064916015757,23408,10,23410,8,41868,18,N/A,N/A,N/A,N/A,N/A,N/A
23410,19.833548324800507,-71.46549342954397,23409,8,23411,6,41868,16,N/A,N/A,N/A,N/A,N/A,N/A
23411,19.83350409419717,-71.5759954285935,37960,6,23410,6,23412,4,41868,17,N/A,N/A,N/A,N/A
23412,19.83416959182255,-71.65483815971831,37960,3,23411,4,23413,3,N/A,N/A,N/A,N/A,N/A,N/A
23413,19.835185592744697,-71.71115744676912,37960,4,23412,3,23414,2,N/A,N/A,N/A,N/A,N/A,N/A
23414,19.836257637302783,-71.75147408120093,42471,7,37960,5,23415,2,23413,2,N/A,N/A,N/A,N/A
23415,19.837588896126398,-71.79035122644683,42471,6,23416,3,23414,2,N/A,N/A,N/A,N/A,N/A,N/A
23416,19.83979588848832,-71.84406611816664,42471,5,23415,3,23417,4,N/A,N/A,N/A,N/A,N/A,N/A
23417,19.843234718287473,-71.91938209757576,42471,6,23416,4,23418,5,N/A,N/A,N/A,N/A,N/A,N/A
23418,19.84766272056868,-72.02483036946123,42471,11,23417,5,40498,26,23419,8,N/A,N/A,N/A,N/A
23419,19.849763493695157,-72.17270789334651,40498,22,23420,11,23418,8,N/A,N/A,N/A,N/A,N/A,N/A
23420,19.831492683955453,-72.37766767484938,40498,21,23419,11,23421,13,N/A,N/A,N/A,N/A,N/A,N/A
23421,19.73456473890705,-72.59117483127116,40498,31,23420,13,41341,25,23422,15,N/A,N/A,N/A,N/A
23422,19.52201412179305,-72.73239357439,23423,13,41915,20,23421,15,41341,23,N/A,N/A,N/A,N/A
23423,19.308365438236546,-72.82121311718637,23424,9,41915,10,23422,13,N/A,N/A,N/A,N/A,N/A,N/A
23424,19.15845860247336,-72.89075343711352,23423,9,23425,7,41915,9,N/A,N/A,N/A,N/A,N/A,N/A
23425,19.05043870431838,-72.95649836823264,23424,7,23426,9,41915,14,N/A,N/A,N/A,N/A,N/A,N/A
23426,18.9267248854418,-73.05337117564778,23427,12,23425,9,41915,21,40782,30,N/A,N/A,N/A,N/A
23427,18.761372662863902,-73.19925534144399,40232,36,23426,12,23428,15,40782,32,N/A,N/A,N/A,N/A
23428,18.518342795421624,-73.30673137898482,40232,28,23427,15,23429,15,40461,18,N/A,N/A,N/A,N/A
23429,18.362467067746756,-73.09718902839431,36242,27,23428,15,40461,20,23430,11,N/A,N/A,N/A,N/A
23430,18.30927650792844,-72.90391367580828,23431,8,36242,23,23429,11,N/A,N/A,N/A,N/A,N/A,N/A
23431,18.28402441372421,-72.76337231782021,23432,6,36242,25,40429,18,23430,8,N/A,N/A,N/A,N/A
23432,18.26966000783379,-72.65828599508654,23431,6,23433,7,40429,14,N/A,N/A,N/A,N/A,N/A,N/A
23433,18.256484364908776,-72.53506427964457,23432,7,23434,9,40429,13,N/A,N/A,N/A,N/A,N/A,N/A
23434,18.24312806886055,-72.36152762104541,23433,9,38186,25,23435,13,40429,17,N/A,N/A,N/A,N/A
23435,18.231777238500623,-72.11716729900786,38186,22,23434,13,23436,19,N/A,N/A,N/A,N/A,N/A,N/A
23436,18.22576459017009,-71.77414579562013,38186,31,23435,19,40060,44,23437,26,N/A,N/A,N/A,N/A
23437,18.230289841471436,-71.31535072113113,23436,26,40060,26,23438,21,N/A,N/A,N/A,N/A,N/A,N/A
23438,18.242593651674298,-70.9365330683501,23439,15,40060,26,23437,21,N/A,N/A,N/A,N/A,N/A,N/A
23439,18.255776763430983,-70.66656822560198,23440,11,41810,16,40060,35,23438,15,N/A,N/A,N/A,N/A
23440,18.26755299578843,-70.47362263568012,23439,11,41810,9,2293,7,N/A,N/A,N/A,N/A,N/A,N/A
24024,23.606086258099662,-76.03188888583658,35812,62,27882,59,26478,64,24113,49,27158,58,42446,55
24059,15.07783456453723,-74.10982147033211,27939,55,25293,55,30389,56,N/A,N/A,N/A,N/A,N/A,N/A
24113,23.805465802963546,-76.89646446614367,24024,49,42446,43,28179,51,40900,54,27158,41,N/A,N/A
24143,19.30522745009584,-81.0149187483318,24231,75,27920,70,25107,64,42294,56,33689,68,42813,68
24216,16.007591181790165,-80.87665586068371,27839,60,27917,59,27951,58,27992,65,28025,53,27611,48
24218,17.848124126742494,-84.96979063932343,36807,73,27848,65,35594,60,28241,75,25201,61,24530,72
24231,18.736246861457797,-79.82277083942431,35596,64,24143,75,27920,68,27154,72,42294,74,24696,54
24246,18.63435192146322,-85.67603492619365,36807,44,25201,46,24218,62,42262,50,28214,50,N/A,N/A
24254,15.805491146677934,-70.56901396564658,24289,47,24847,45,42708,58,27515,61,27892,62,N/A,N/A
24257,21.723716329647694,-84.93973013080944,25121,41,25355,67,25262,55,25296,55,33044,60,24315,56
24285,16.74729792158026,-87.12737276375206,42849,48,41092,56,40711,42,37480,52,34763,49,28241,67
24289,15.356954003562688,-71.24214554146536,42708,50,24254,47,25278,57,N/A,N/A,N/A,N/A,N/A,N/A
24315,22.005357093077855,-85.91335240657526,24257,56,28327,68,25355,64,25227,51,25262,70,42635,73
24530,17.915961872766015,-83.69854019225677,42179,50,35594,50,24651,57,31373,60,25361,42,24218,72
24548,23.114595160620084,-73.56362764615254,27562,56,26478,75,28273,47,26580,81,27319,54,26045,72
24564,23.603930704232152,-78.67941270426569,39648,55,28298,54,40900,55,36134,55,43082,57,28179,71
24626,20.43907804984772,-73.20636536524289,34256,43,35025,46,40498,51,41341,40,34622,51,N/A,N/A
24651,17.865926140526884,-82.68731292189626,42179,54,31373,65,34770,39,33689,61,36506,55,24530,57
24658,22.619892004396945,-68.67687830339946,25509,62,26950,66,26156,61,32558,60,26458,65,30236,57
24694,19.052958499949657,-76.26669755522545,31497,65,34860,62,35053,59,41330,45,36953,55,37242,48
24696,18.009055871907638,-79.25056691748668,24231,54,27088,52,27977,40,27154,58,27678,43,N/A,N/A
24725,17.061739211718884,-71.79179984977092,38186,52,24810,61,43315,50,42708,57,40060,60,27892,62
24729,21.302886694308594,-65.60592443822402,32992,50,29858,72,28947,65,29269,72,N/A,N/A,N/A,N/A
24732,15.166173596184564,-67.16669680276574,30914,60,26278,73,27003,56,N/A,N/A,N/A,N/A,N/A,N/A
24810,16.432518154690364,-72.62821966525593,30389,62,24812,58,43315,58,42708,66,24725,61,35383,60
24812,17.09226320527475,-73.37840340658653,27986,65,24810,58,36242,54,43315,49,35383,44,30366,52
24814,16.17874469314177,-84.23097195278494,42434,23,27848,52,35594,61,42827,32,31373,70,11191,26
24826,16.70925862387026,-67.43767556140476,30914,51,29358,59,27889,52,30234,64,27003,55,29213,60
24847,16.30445265395646,-69.96877894645564,24896,43,43270,44,27515,56,27892,53,24254,45,N/A,N/A
24896,16.33939454791348,-69.2187159701511,28063,44,43270,49,43245,43,24847,43,27889,52,27515,57
25028,23.544818644881733,-84.73030964499692,28327,58,25262,54,25263,48,28114,58,28349,59,27998,65
25093,16.34952977290527,-79.1359468810319,31746,61,27977,60,27311,45,27641,52,28025,49,26781,60
25107,19.681384410502712,-82.08586759883707,24143,64,27576,49,33689,60,42427,55,42813,59,N/A,N/A
25110,19.86170299554061,-84.7633414166996,30399,50,35657,44,25201,59,33044,57,28214,53,27256,58
25121,21.27300186259759,-84.36928247023103,30399,41,25296,49,24257,41,33044,54,31216,44,N/A,N/A
25201,18.87763238014515,-84.90406705461685,28214,53,24246,46,25361,51,25110,59,24218,61,27870,62
25227,22.73377440323611,-86.41651858176719,28327,47,24315,51,28035,46,37620,61,27813,52,N/A,N/A
25248,22.145450075672503,-76.923793340284,35812,62,34118,46,42888,33,41613,30,42446,56,36207,27
25253,20.45319299992458,-79.46656676970555,36965,53,30728,49,35596,54,41169,52,40084,55,42294,54
25262,22.637581027987498,-84.84167385509713,24257,55,25028,54,28327,54,25296,58,28114,59,24315,70
25263,24.330726684632364,-84.50989017745103,27998,52,25028,48,28349,57,N/A,N/A,N/A,N/A,N/A,N/A
25278,15.33442817658304,-72.22945506815054,24289,57,24810,69,42708,63,30389,68,N/A,N/A,N/A,N/A
25293,15.975789708111899,-74.3196493235839,27939,56,28328,64,27986,55,30389,58,35383,45,24059,55
25296,22.033812124824987,-84.0100381503179,24257,55,37763,53,22898,63,25121,49,25262,58,31216,61
25332,24.11744949760398,-88.53122256920344,33432,46,28198,42,25338,45,28126,60,N/A,N/A,N/A,N/A
25338,24.288053509092833,-87.72043077465007,25332,45,33432,54,28028,48,28228,59,N/A,N/A,N/A,N/A
25355,20.94108416214825,-85.81715150557457,24257,67,35657,53,42635,50,31730,61,33044,39,24315,64
25361,18.524669861049233,-84.07352471333584,25201,51,24218,65,42179,49,24530,42,27870,46,N/A,N/A
25509,22.12808098371514,-69.6659849408053,31329,60,26950,72,28203,55,32558,55,24658,62,29944,67
25618,20.146860094190306,-67.32441415893025,32881,49,29456,52,28721,60,36595,45,28947,53,34814,51
25635,20.07043545869412,-69.51585230773009,40287,31,41025,48,43428,30,29140,57,29944,58,41438,41
25935,17.14400150363904,-65.44743292493203,29358,57,29231,68,30230,49,N/A,N/A,N/A,N/A,N/A,N/A
25996,22.93153717952941,-71.9044563383195,26632,49,28273,44,31496,61,26475,66,27064,49,N/A,N/A
26012,23.47392547783828,-66.59264005976746,29858,70,30780,63,30610,71,31731,70,29271,73,26458,87
26045,24.22347228440706,-73.05791432870511,24548,72,26475,55,28273,73,26580,63,N/A,N/A,N/A,N/A
26156,21.95918209491679,-67.82192471638619,30780,56,32558,59,29456,60,24658,61,29466,64,30236,54
26278,15.509095296201567,-65.95494230471706,30914,60,30230,57,N/A,N/A,N/A,N/A,N/A,N/A,N/A,N/A
26326,21.13367431449294,-71.66270792893032,31329,65,26632,72,41868,62,40498,67,32695,57,27064,68
26458,23.615091176023782,-68.18132199585726,26950,79,30236,53,24658,65,29813,62,30610,72,26012,87
26475,24.0264386035528,-72.05995222382003,31496,68,25996,66,28273,68,28242,74,26045,55,N/A,N/A
26478,23.29571354155223,-74.91576374698658,27562,66,35812,69,27882,73,36660,61,26580,73,24024,64
26580,24.327456316549526,-74.2121261854091,24548,81,27882,66,26478,73,26045,63,N/A,N/A,N/A,N/A
26632,22.189008301948768,-72.30613614996071,25996,49,28273,55,26326,72,27319,52,27064,50,34622,65
26781,16.774934110129628,-78.17403055530396,33185,61,31746,75,25093,60,27977,64,27088,62,30748,60
26950,23.33054400707756,-69.59394358972258,25509,72,31496,75,30250,68,28203,70,24658,66,29813,83
27003,15.860898024511085,-67.82956337205266,28063,51,30914,61,27889,47,24826,55,24732,56,N/A,N/A
27064,22.256674724848992,-71.40484195852567,31329,53,26632,50,26326,68,28203,51,25996,49,31496,77
27088,17.798594581276024,-78.35133739630798,33185,54,27977,51,27154,56,24696,52,35730,48,26781,62
27154,18.72572452373452,-78.5501418695889,24231,72,34860,72,35596,61,27088,56,35730,53,24696,58
27158,24.433454825578085,-76.58558836981017,24113,41,28179,57,27882,63,24024,58,N/A,N/A,N/A,N/A
27256,20.13027676322966,-83.77023206162158,30399,41,31216,57,25110,58,27576,61,42427,64,27870,51
27311,16.83621995821612,-79.73648226502308,27977,47,27678,48,28025,44,25093,45,27917,53,N/A,N/A
27319,22.249970215589396,-73.25174398341773,24548,54,26632,52,27562,54,28273,56,42486,49,34622,62
27351,16.528344195659322,-76.27033113114658,33343,55,35008,47,29892,51,28328,53,30748,50,33309,69
27356,21.76655406374569,-82.20038424017284,37763,48,34901,54,43281,43,22899,37,22900,26,22901,36
27505,16.635318204846108,-82.3668312223703,36520,50,31373,59,34770,37,27992,58,36506,55,27611,48
27515,15.441263988208629,-69.57559219376213,28063,54,24896,57,24847,56,N/A,N/A,N/A,N/A,N/A,N/A
27562,22.39078472595293,-74.21979669560025,24548,56,26478,66,36720,60,36660,46,42486,48,27319,54
27576,19.486917137579773,-82.93320053595498,42179,54,25107,49,27256,61,33689,70,42427,58,27870,54
27611,16.49052719643128,-81.54212909362518,24216,48,27505,48,36506,58,27917,58,27992,51,N/A,N/A
27641,15.491574316603728,-79.3174456839516,27839,47,28025,53,31746,48,25093,52,N/A,N/A,N/A,N/A
27678,17.62605060054838,-79.88768654539486,24231,66,27977,47,27917,59,27311,48,27920,62,24696,43
27813,23.607237994993604,-86.42725554856231,28035,65,28228,59,28327,50,25227,52,28028,41,28349,58
27839,15.309092124612084,-80.11871365322534,27951,59,24216,60,28025,50,27641,47,N/A,N/A,N/A,N/A
27848,16.753993288223544,-84.92067354485945,37159,42,35594,50,42827,41,24814,52,28241,64,38355,51
27870,19.274911384251563,-83.87725089884947,42179,54,25110,61,25361,46,25201,62,27256,51,27576,54
27882,24.423271473461075,-75.43164456506004,26478,73,26580,66,27158,63,24024,59,N/A,N/A,N/A,N/A
27889,16.499404475783667,-68.32737992630209,28063,48,24896,52,30234,61,43245,49,24826,52,27003,47
27892,16.835317262256627,-70.72520750107417,43270,58,35316,56,24847,53,42708,61,24725,62,40060,63
27917,16.970021218196237,-80.66397554466889,27311,53,27920,70,24216,59,28025,64,36506,72,27611,58
27920,18.137803131746008,-80.83973790956703,24231,68,27917,70,24143,70,33689,74,36506,71,27678,62
27926,24.139361923727495,-81.59882936401047,42752,58,39489,53,36162,50,36169,63,42962,56,N/A,N/A
27939,15.330615779528527,-75.03620839421586,33343,61,28328,66,25293,56,24059,55,N/A,N/A,N/A,N/A
27951,15.060282570078925,-81.10442596640034,27839,59,27992,65,24216,58,N/A,N/A,N/A,N/A,N/A,N/A
27977,17.35576031020404,-79.11173124260543,25093,60,27311,47,27088,51,24696,40,26781,64,27678,47
27986,16.89085937097053,-74.49133237188043,29892,62,33319,48,28328,58,24812,65,25293,55,35383,54
27992,15.743026814757496,-81.97615528197962,36039,56,36520,54,27611,51,27951,65,27505,58,24216,65
27998,23.9749825243486,-83.6266459929893,42752,54,25028,65,36104,56,36169,63,25263,52,28114,58
28025,16.132533305953025,-79.96648676653008,27839,50,25093,49,27917,64,27311,44,24216,53,27641,53
28028,23.646198957773866,-87.18190315958506,33432,52,25338,48,28035,49,28228,61,27813,41,N/A,N/A
28035,22.821748905233125,-87.25089259349436,27813,65,43367,54,25227,46,37620,61,33432,60,28028,49
28063,15.784417168433832,-68.71162318920489,27515,54,27889,48,27003,51,24896,44,N/A,N/A,N/A,N/A
28114,23.016954399852455,-83.84756057654626,25028,58,36104,54,25262,59,25296,59,22898,52,27998,58
28126,24.667182183079355,-89.46252135749984,28198,62,25332,60,N/A,N/A,N/A,N/A,N/A,N/A,N/A,N/A
28179,24.324541549278422,-77.63701351521877,43082,57,40900,60,24113,51,24564,71,N/A,N/A,N/A,N/A
28198,23.664450624110803,-89.13230950241777,43085,42,25332,42,43191,48,33432,57,28126,62,N/A,N/A
28203,22.55780513483205,-70.54240085328762,27064,51,31329,51,31496,60,25509,55,26950,70,N/A,N/A
28214,19.466767993062682,-85.61198416536796,35657,38,42262,51,24246,50,25201,53,31730,60,25110,53
28228,24.565104658489673,-86.68243212252904,27813,59,25338,59,28028,61,N/A,N/A,N/A,N/A,N/A,N/A
28241,17.05877320190898,-85.99085187195723,36807,64,27848,64,34763,71,38355,54,36246,54,24218,75
28242,24.82729839570581,-71.02225280725696,31496,80,30250,57,26475,74,N/A,N/A,N/A,N/A,N/A,N/A
28273,23.045848922361017,-72.70307526189978,24548,47,26632,55,26475,68,25996,44,27319,56,26045,73
28298,23.262755390136103,-79.60041488339601,39648,38,37865,29,40658,28,24564,54,35605,61,38589,25
28327,23.124028669773026,-85.6792439819694,25028,58,27813,50,25227,47,25262,54,24315,68,28349,63
28328,16.38852571046255,-75.35284233447382,33343,60,27939,66,29892,41,25293,64,27986,58,27351,53
28349,24.178581115705327,-85.55530878487842,25028,59,27813,58,28327,63,25263,57,N/A,N/A,N/A,N/A
28721,19.8448466094582,-66.30542421675177,32992,45,28929,66,35649,53,32881,64,25618,60,28947,57
28929,19.027467279021643,-65.51798973141427,35649,52,29231,66,28721,66,29269,71,N/A,N/A,N/A,N/A
28947,20.751231070810036,-66.62328447895932,32992,40,29456,59,28721,57,25618,53,24729,65,29466,53
29140,20.69928983978332,-68.74740748558642,41025,70,25635,57,32558,55,29456,62,36595,46,29944,61
29213,17.691718056510037,-67.18641101532221,24826,60,34597,49,29358,59,29231,65,42114,38,30234,58
29231,18.083364285706903,-66.11276869682446,28929,66,34597,68,35649,56,29358,67,25935,68,N/A,N/A
29269,20.168313367831566,-65.15787439756927,32992,49,28929,71,28721,67,N/A,N/A,N/A,N/A,N/A,N/A
29271,24.277498005205626,-65.57566474582056,30610,93,31731,61,26012,73,N/A,N/A,N/A,N/A,N/A,N/A
29358,17.003989451491833,-66.44505941603106,29231,67,30914,57,25935,57,30230,43,24826,59,29213,59
29456,20.963611574711056,-67.6649216603028,26156,60,25618,52,36595,53,29140,62,28947,59,29466,66
29466,21.64431205015564,-66.72398843985144,29858,66,26156,64,29456,66,28947,53,24729,65,30780,51
29813,24.510737887766176,-68.77369151168017,26950,83,30250,73,30610,82,26458,62,N/A,N/A,N/A,N/A
29858,22.466619109339454,-65.9210553738977,26012,70,31731,58,24729,72,29466,66,30780,58,N/A,N/A
29892,17.055182535402235,-75.55994095489845,35008,52,33319,48,28328,41,31497,61,27986,62,27351,51
29944,21.004157019642548,-69.79305174402597,31329,63,25635,58,25509,67,32558,65,29140,61,32695,59
29998,22.368872563499313,-89.64087975892097,37706,53,43085,46,39088,54,43191,54,N/A,N/A,N/A,N/A
30230,16.462146901912327,-65.94263791950935,25935,49,30914,53,26278,57,29358,43,N/A,N/A,N/A,N/A
30234,17.505969376316397,-68.1864188214279,41472,67,42114,42,31179,69,43245,53,27889,61,24826,64
30236,22.85196245423404,-67.6664623595791,30780,44,26458,53,24658,57,26156,54,26012,70,N/A,N/A
30250,24.367760091804435,-70.10034041110625,31496,70,28242,57,29813,73,26950,68,N/A,N/A,N/A,N/A
30366,17.78451033717288,-73.95044257947923,33319,56,40232,47,36242,55,24812,52,35021,55,27986,61
30389,15.672797882943987,-73.35901323352256,24810,62,25293,58,35383,48,24059,56,25278,68,N/A,N/A
30399,20.588537929045195,-84.31729813921521,27256,41,25121,41,31216,49,33044,47,25110,50,N/A,N/A
30492,18.672307944228482,-87.363314658469,38213,53,39430,35,36807,73,11254,30,34763,67,41107,53
30610,24.48990670147228,-67.26357938496497,29813,82,29271,93,26458,72,26012,71,N/A,N/A,N/A,N/A
30728,20.29408622402248,-78.60548333214082,25253,49,41169,38,35596,51,38161,35,36478,45,40478,41
30748,16.77130159136756,-77.1147888454039,27351,50,35008,50,33185,49,33309,57,26781,60,N/A,N/A
30780,22.46985227368717,-66.97138389770178,26012,63,29466,51,29858,58,26156,56,30236,44,N/A,N/A
30914,16.1069392296758,-66.79533255006976,26278,60,29358,57,30230,53,24826,51,27003,61,24732,60
31179,17.900373708348415,-69.32825053067629,41472,72,43270,58,43245,55,38077,40,35316,53,30234,69
31216,21.074620275324847,-83.60432848062126,30399,49,25121,44,37763,54,25296,61,43281,50,27256,57
31329,21.701649638980786,-70.65702074314329,25509,60,26326,65,28203,51,29944,63,32695,62,27064,53
31373,16.969608736180096,-83.33452122181461,36520,65,35594,49,24651,65,24814,70,27505,59,24530,60
31496,23.487126167509253,-70.95874565762989,26950,75,28203,60,30250,70,26475,68,25996,61,28242,80
31497,18.067436686954867,-75.75723531440033,35008,60,29892,61,33319,56,43209,51,35021,59,35053,63
31643,22.110422389851912,-88.79299573106852,43367,41,41610,36,29998,49,40911,33,39088,38,43191,47
31730,20.09516237753932,-86.43774712330446,42635,58,35657,52,28214,60,25355,61,38990,41,35984,41
31731,23.281847828138083,-65.330024680054,29271,61,29858,58,26012,70,N/A,N/A,N/A,N/A,N/A,N/A
31746,15.544391367542344,-78.47584761682312,25093,61,33309,74,27641,48,26781,75,N/A,N/A,N/A,N/A
32558,21.628117338669448,-68.8304125945843,25509,55,26156,59,24658,60,29140,55,29944,65,43197,36
32695,20.659781036279202,-70.78009969520956,31329,62,41868,50,26326,57,29944,59,38621,41,41438,48
32881,19.32491144094956,-67.3043019807386,41472,70,35649,53,34597,48,28721,64,25618,49,34814,41
32992,20.528936446782346,-65.94050672338162,24729,50,28947,40,28721,45,29269,49,N/A,N/A,N/A,N/A
33044,20.738772025845954,-85.15585188091363,30399,47,25121,54,35657,43,25355,39,24257,60,25110,57
33185,17.52519602254947,-77.44610434183983,35008,59,35053,54,27088,54,35730,50,30748,49,26781,61
33209,20.879444519283403,-80.41380458240964,38485,51,25253,59,40084,52,34901,64,42294,58,39927,49
33309,15.818613183562219,-77.21565666075072,33343,67,31746,74,27351,69,30748,57,N/A,N/A,N/A,N/A
33319,17.58883414072757,-74.91374119918923,31497,56,27986,48,29892,48,35021,44,30366,56,N/A,N/A
33343,15.632121564179817,-76.05733815203958,27939,61,28328,60,27351,55,33309,67,N/A,N/A,N/A,N/A
33432,23.445386981761878,-88.10958866226001,28035,60,28198,57,43367,57,25332,46,43191,52,25338,54
33689,18.677538377388924,-82.02632619249741,42179,67,24651,61,24143,68,27920,74,25107,60,27576,70
34118,22.445751542047798,-77.69962020949724,25248,46,40161,28,40898,27,40900,52,36134,45,42888,32
34256,20.070513079137115,-73.86960417498689,40782,55,35025,49,24626,43,37469,60,35288,67,36122,62
34597,18.516056674099005,-67.22989872463916,41472,61,35649,52,42114,39,29231,68,32881,48,29213,49
34622,21.255768591370764,-72.92137309764092,26632,65,26326,70,40498,72,35025,58,24626,51,42486,57
34763,17.57907336631536,-87.10416710037147,41092,50,38213,50,36807,59,28241,71,30492,67,24285,49
34770,17.219067253555178,-82.61704328845865,27505,37,36506,46,24651,39,31373,43,N/A,N/A,N/A,N/A
34814,19.564312083224564,-67.99155191111318,41472,59,32881,41,25618,51,36595,37,41025,49,N/A,N/A
34860,19.175943018456266,-77.36145027204294,38943,39,35053,63,27154,72,35508,39,24694,62,37242,52
34901,21.62773448544539,-81.23494987614124,22903,25,27356,54,37911,21,22901,38,22902,28,39927,41
34992,21.685548783077863,-75.57374420554149,41956,36,36720,51,36660,46,38552,43,35812,56,37348,46
35008,17.298900598639094,-76.4307589814829,33185,59,29892,52,31497,60,35053,61,27351,47,30748,50
35021,18.305774439805425,-74.74435296648676,33319,44,40232,55,31497,59,35288,51,43209,47,30366,55
35025,20.890944132329743,-73.88116757235957,36720,57,34256,49,24626,46,42486,45,36122,55,34622,58
35053,18.233951035582805,-76.85206767696192,35008,61,33185,54,31497,63,34860,63,35730,49,24694,59
35288,19.145668328285257,-74.54066311883938,40232,54,43209,50,35021,51,40782,59,34256,67,36953,63
35316,17.637417054646992,-70.21665426640246,43270,47,31179,53,41810,31,27892,56,40060,52,38077,31
35383,16.41191474526814,-73.68298487184528,25293,45,27986,54,24810,60,24812,44,30389,48,N/A,N/A
35508,19.814286171023966,-77.55703284015314,38943,24,34860,39,22936,12,22937,14,40478,32,36478,36
35594,17.20010606143772,-84.16870773664635,27848,50,24530,50,24218,60,31373,49,24814,61,N/A,N/A
35596,19.59617520501696,-79.12987473107619,25253,54,24231,64,30728,51,27154,61,42294,65,36478,54
35605,24.29269620329225,-79.63451993948922,28298,61,43082,55,42962,53,24564,66,N/A,N/A,N/A,N/A
35649,18.969857177291285,-66.44512093946817,29231,56,28929,52,32881,53,28721,53,34597,52,N/A,N/A
35657,20.094050639872904,-85.50451878441947,31730,52,28214,38,25355,53,33044,43,25110,44,N/A,N/A
35730,18.334848053586033,-77.7048437747661,27088,48,33185,50,27154,53,34860,54,35053,49,N/A,N/A
35812,22.57610677571237,-75.90874557473082,25248,62,37348,66,42446,61,34992,56,36660,50,24024,62
35984,20.070353638534588,-87.17704779100112,11263,10,11264,8,11265,15,41478,16,38990,28,31730,41
36039,15.257798738811216,-82.82001170725523,37507,26,36520,42,38968,26,27992,56,N/A,N/A,N/A,N/A
36104,23.296787403188397,-82.91555376763688,42752,39,36162,48,22898,44,22897,48,28114,54,27998,56
36117,21.19531645602338,-76.16882957728912,41956,10,22802,3,22803,1,22804,1,22805,2,40349,3
36122,20.609455287635317,-74.82628483764084,36720,53,22792,28,22793,28,37866,26,34256,62,35025,55
36134,22.703123291829822,-78.466259018937,39648,37,38467,26,40900,55,34118,45,37580,22,24564,55
36162,23.4135200972662,-82.0471670110727,42752,43,39489,39,36104,48,22896,38,22897,39,27926,50
36169,24.56509269261232,-82.6576329441932,42752,39,27926,63,27998,63,N/A,N/A,N/A,N/A,N/A,N/A
36207,21.741423932987843,-77.16904742708708,25248,27,42855,8,42888,21,41613,14,22830,6,22831,5
36242,17.92501643869694,-72.98544646053327,23429,27,23430,23,23431,25,24812,54,40461,31,43315,38
36246,16.184134598709843,-86.20804848044554,42849,31,11205,20,11206,17,11207,15,11208,14,11209,14
36413,18.72948411070091,-87.76800450965139,30492,23,11251,11,11252,8,11253,14,39430,19,N/A,N/A
36436,16.279188899536063,-87.46566106356185,40711,23,37480,38,39161,18,40917,23,24285,34,N/A,N/A
36478,19.652010444501318,-78.17423825459561,30728,45,34860,54,35596,54,27154,59,35508,36,40478,41
36506,17.416548971233738,-81.83723120339945,24651,55,27917,72,27920,71,27505,55,34770,46,33689,76
36520,15.96827420774996,-82.89704782288614,37507,41,36039,42,31373,65,27505,50,27992,54,37118,43
36595,20.181123581182085,-68.13677752928795,29456,53,41025,56,25618,45,29140,46,34814,37,N/A,N/A
36660,22.28745714480845,-75.05793524419732,34992,46,36720,52,27562,46,35812,50,26478,61,N/A,N/A
36720,21.48430218501982,-74.68076985729441,27562,60,34992,51,35025,57,36660,52,42486,47,38552,51
36798,21.86445526257498,-87.68115188363865,42273,21,28035,62,43367,45,41610,32,11275,25,11276,18
36807,18.112070715902767,-86.22081740864412,24246,44,34763,59,28241,64,42262,59,24218,73,30492,73
36850,23.418152646860197,-80.54272293604613,39489,44,37865,36,28298,52,22891,31,22892,28,22893,29
36953,19.654587541115752,-75.51840057668022,22975,18,22976,20,43209,50,41330,33,22973,20,24694,55
36965,21.27874285986853,-79.1091503550035,25253,53,22922,21,22923,16,22924,14,22925,15,22926,19
37118,15.82355508289357,-83.63251317240345,37507,34,36520,43,31373,70,24814,40,11183,23,11181,29
37159,16.075227687972436,-85.1223064763419,11199,7,11200,9,11201,14,27848,42,42827,19,38355,29
37242,19.763010634224635,-76.67226507388065,38943,25,40001,10,34860,52,22958,11,22959,14,22960,20
37348,21.5757237320525,-76.40071043853209,22815,23,25248,44,41956,32,41613,29,22814,18,34992,46
37469,19.97541698824431,-74.93557893972569,22976,24,22792,25,2222,16,34256,60,35288,54,36953,38
37480,16.6301181320026,-88.02607580831994,39391,23,39311,17,41092,40,11237,21,11238,24,11239,31
37507,15.378026418625845,-83.25739278700232,36039,26,36520,41,11179,19,11180,17,11181,21,38968,22
37580,22.402655311511385,-78.72252361681886,38467,10,22853,6,22854,4,42311,6,22856,4,22857,5
37620,21.836844909232365,-86.9652503306909,42635,50,28035,61,11275,30,11273,36,11274,27,25227,61
37662,19.89334272549198,-76.69136520284641,22955,2,22956,2,22957,3,22958,6,41908,2,37242,7
37706,21.49807103525373,-89.84426276731614,11301,25,11302,20,11303,19,11304,21,N/A,N/A,N/A,N/A
37763,21.82848113821066,-83.06687387787044,25296,53,31216,54,43281,40,22898,44,22899,36,27356,48
37767,21.43149431394672,-89.00245247484155,11295,4,11296,3,11297,2,11298,4,39088,12,39672,5
37790,21.26701634688024,-76.25167730425409,41956,15,36117,6,22808,3,22809,3,22810,4,22811,6
37865,23.01073788284179,-80.06068851290367,22890,9,22888,12,22889,9,28298,29,22891,17,36850,36
37866,20.668855507650292,-75.28587136484573,36122,26,38552,20,22793,11,22794,7,22795,10,N/A,N/A
37911,21.90723199061277,-80.98283834535297,34901,21,22904,8,22903,14,42328,9,22905,6,22906,8
37935,16.07174208300487,-88.0742920427496,39391,22,37480,33,40917,18,11224,16,40409,15,11226,12
37960,19.896276067475757,-71.66753591070098,42471,10,41868,17,23411,6,23412,3,23413,4,23414,5
38003,21.620949530358423,-77.08941800120819,22822,1,22823,1,22824,1,22825,1,22826,1,22827,1
38077,18.127145422311425,-69.99888531212382,31179,40,41810,23,35316,31,23385,14,23386,11,23387,11
38161,20.760155241085588,-78.20490991098082,30728,35,22929,17,41169,29,22930,13,22931,10,22932,13
38186,17.864770593099138,-72.16453064427814,23434,25,23435,22,23436,31,40429,25,43315,36,24725,52
38213,17.940463584419096,-87.90977350980091,41092,38,39430,30,34763,50,11246,21,11247,20,11248,24
38355,16.22684061401006,-85.61534838637279,11201,20,11202,15,11203,14,11204,18,11205,22,37159,29
38467,22.47740460348746,-78.88547226294898,39648,23,36134,26,42311,6,37580,10,22864,5,22865,5
38468,19.85773801725373,-70.60055539579928,23401,10,23402,4,23403,6,23404,9,38621,16,41438,22
38485,21.64843188107542,-80.00303225914219,22912,13,22913,9,22914,8,22915,8,22916,8,22917,9
38493,15.74846233232948,-84.03745763898586,42434,10,24814,28,11183,13,11184,8,11185,7,11186,8
38552,20.982003753303115,-75.41867070245044,41956,33,34992,43,37866,20,22795,18,22796,15,22797,15
38589,22.870396685816466,-79.79177588429896,22884,6,22885,5,22886,4,22887,5,22888,8,37865,17
38621,19.97466644224378,-70.85545178597748,38468,16,41868,35,23404,10,23405,9,23406,9,23407,11
38625,21.60110953662275,-88.05376700238185,11283,7,11281,4,11282,3,41610,14,42273,5,N/A,N/A
38641,17.60643188541591,-88.15530587848882,41092,22,38213,24,11242,10,11243,7,11244,5,11245,6
38943,19.79010311888008,-77.12686986894305,37242,25,34860,39,42449,14,35508,24,22937,14,22938,8
38968,15.004006886272162,-83.19345642638358,37507,22,36039,26,11179,15,N/A,N/A,N/A,N/A,N/A,N/A
38990,20.51345197197824,-87.0210946394612,11265,16,11266,9,11267,7,11268,9,11269,11,11270,15
39088,21.576504233046514,-89.16489026320119,11298,13,11299,12,11300,15,11301,22,37767,12,37706,38
39161,15.977041129345986,-87.45155608513203,40711,18,11217,13,11218,8,11219,11,36436,18,40917,18
39311,16.58688347115673,-88.33237628509254,39391,13,11232,7,11233,4,11234,4,11235,5,11236,8
39391,16.366146181227176,-88.31623260433808,11231,9,39311,13,11232,10,37480,23,37935,22,40409,16
39430,18.44076148977384,-87.94269331947211,38213,30,11248,23,11249,16,11250,10,11251,15,30492,35
39455,19.9250055157906,-76.78735437333332,42399,0,40001,1,22946,0,22947,0,22948,0,22949,0
39489,23.28832289667992,-81.33647445245178,36162,39,22894,30,22895,22,22896,30,36850,44,27926,53
39648,22.78738892058894,-79.13464762404452,38467,23,36134,37,28298,38,40658,23,24564,55,22870,18
39672,21.445820537516102,-88.89731863371735,11295,3,37767,5,40911,12,39088,16,11289,5,11290,3
39678,22.361839718738278,-78.5368490783165,22851,8,22852,6,22853,8,36134,20,37580,10,41044,17
39927,21.695905335315338,-80.49492899040985,22911,15,22912,20,34901,41,38485,27,42328,21,33209,49
40001,19.89992909364985,-76.79306603193746,42399,1,39455,1,22945,2,22946,1,22944,2,42449,5
40060,17.83236409706878,-71.11089741738961,38186,60,23436,44,23437,26,23438,26,23439,35,41810,43
40084,21.37076498286699,-79.63735951781932,25253,55,36965,30,22919,22,22920,19,22921,20,22922,25
40161,22.066779697320783,-77.99835617778459,22847,5,22848,8,40898,11,34118,28,41044,18,22841,6
40232,18.56813310039423,-73.81059768900082,23427,36,23428,28,40461,29,40782,42,35021,55,35288,54
40287,19.547668829539003,-69.56240503018184,23393,18,23394,10,23395,12,43428,20,41025,39,25635,31
40308,21.59992927270366,-77.04111903677091,22818,3,22819,1,22820,1,22821,1,22822,2,41613,6
40349,21.211004409102042,-76.22861480071565,22805,1,36117,3,22806,0,22807,0,22808,1,37790,3
40409,16.09440953072821,-88.34841236073721,39391,16,37935,15,11227,15,11228,12,11229,12,11230,14
40429,18.034380434920443,-72.57942237882577,38186,25,23431,18,23432,14,23433,13,23434,17,36242,24
40461,18.232282745387845,-73.4302563008393,40232,29,36242,31,23428,18,23429,20,30366,40,N/A,N/A
40478,20.27489738043892,-77.87519240382443,30728,41,38161,34,35508,32,22933,29,22934,24,22935,17
40498,20.191972723034706,-72.32979487346482,42471,31,41868,49,24626,51,41341,46,26326,67,23418,26
40658,22.796424262015933,-79.56774075096494,39648,23,41179,8,28298,28,22877,6,22873,11,22874,7
40711,16.043357885902054,-87.13374081369551,42849,23,11214,18,11215,15,11216,13,11217,15,36436,23
40782,19.220040353739996,-73.50065188927806,23426,30,23427,32,40232,42,34256,55,35288,59,41915,28
40898,21.997244971075993,-77.80666981006357,40161,11,34118,27,42888,18,22836,11,22837,6,22838,5
40900,23.316954102157855,-77.71998582117776,36134,55,34118,52,42446,48,24113,54,28179,60,24564,55
40911,21.558992996826294,-88.70024614993942,41610,28,11286,7,39088,25,11285,13,39672,12,11287,6
40917,16.0126643204076,-87.76213502247856,37480,40,37935,18,11219,13,36436,23,11221,9,11222,9
41025,19.535463726353402,-68.87303797217899,40287,39,23392,32,23393,36,25635,48,41472,63,36595,56
41044,22.265224322178586,-78.247683336903,22848,13,40161,18,22850,9,22851,14,34118,32,36134,28
41092,17.2993177611449,-87.9275660725002,38213,38,11239,23,37480,40,11241,18,11242,20,34763,50
41107,19.546358273101326,-87.2354632456482,41478,19,35984,31,31730,55,42262,53,11255,28,11256,19
41169,20.937503603381263,-78.68958995469893,25253,52,36965,31,30728,38,22929,20,22926,25,22927,17
41179,22.770588937390738,-79.71352775341197,22879,1,22880,1,22881,1,22882,1,22883,2,22884,2
41330,19.790506127329664,-76.10121295005531,42185,17,41546,12,22960,18,22961,11,22962,9,22963,11
41341,19.780744941364084,-73.03284521077528,40782,42,34256,50,24626,40,41915,30,40498,46,23421,25
41438,20.02744310768057,-70.24737645225149,25635,41,38468,22,23399,25,23400,20,23401,20,32695,48
41472,18.62847705820656,-68.31072904696038,23391,36,23390,51,41025,63,42114,47,34597,61,31179,72
41478,19.858043512028676,-87.3535839311991,11263,9,35984,16,41107,19,11259,8,11260,5,11261,3
41546,19.92037168909342,-75.93938693028109,42185,7,41330,12,22963,4,22964,2,22965,3,22966,4
41610,21.77258979139016,-88.24884232120269,42273,18,43367,43,38625,14,40911,28,11283,14,11284,15
41613,21.634385454612683,-76.9296009909168,22815,11,25248,30,22817,5,22818,5,37348,29,22816,7
41810,18.121766431821452,-70.40634971143349,23439,16,23440,9,35316,31,2293,10,23384,12,23385,15
41868,20.112181001541728,-71.46240720012881,42471,24,37960,17,23408,25,23409,18,40498,49,23411,17
41908,19.896595371099334,-76.73446821172418,42399,2,40001,3,22953,2,22954,2,22955,2,37242,8
41915,19.280960388429495,-72.99845455383279,23423,10,23424,9,23425,14,23426,21,40782,28,41341,30
41956,21.202486275016646,-75.97562984416116,37348,32,22800,7,22798,19,22799,11,34992,36,22801,7
42114,18.06794112955861,-67.73191736249079,41472,47,30234,42,34597,39,29213,38,N/A,N/A,N/A,N/A
42179,18.62634801727848,-83.21573644872531,24651,54,25361,49,24530,50,27576,54,33689,67,27870,54
42185,19.909239650793296,-75.81009503593637,41546,7,41330,17,36953,22,22966,4,22967,3,22968,2
42262,19.088894487778767,-86.42352752968964,36807,59,28214,51,31730,60,41107,53,24246,50,30492,58
42273,21.62868423925946,-87.96164175996662,38625,5,41610,18,11278,8,11279,5,11280,4,11281,4
42294,19.91250460083401,-80.24478430430716,25253,54,24231,74,35596,65,24143,56,33209,58,42813,69
42311,22.38964954827579,-78.83293156107617,37580,6,38467,6,22857,1,22858,1,22859,0,22860,0
42328,21.874517963157615,-80.81943533295173,39927,21,34901,27,37911,9,22906,7,22907,6,22908,7
42399,19.920954258967093,-76.77047434908857,39455,0,40001,1,22950,0,22951,0,22952,0,22953,1
42427,20.424718123927942,-82.66296815719173,31216,65,43281,48,25107,55,27256,64,27576,58,43257,53
42434,15.793023591991311,-84.21360206945188,24814,23,11187,7,11188,5,11189,5,11190,7,11191,13
42446,23.086666255328712,-76.8707192997298,25248,56,40900,48,34118,59,24113,43,24024,55,35812,61
42449,19.878707562533076,-76.88697539758563,38943,14,22943,3,40001,5,37242,13,22940,5,22941,3
42471,19.925984918248282,-71.84860010944108,37960,10,41868,24,40498,31,23414,7,23415,6,23416,5
42486,21.650645204925056,-73.85711030924487,27319,49,36720,47,35025,45,27562,48,34622,57,N/A,N/A
42635,21.032528430334562,-86.71220200812105,11270,26,11271,21,11272,18,11273,23,25355,50,38990,35
42708,16.148941121198856,-71.51992241265258,24289,50,24810,66,27892,61,24725,57,24254,58,25278,63
42752,23.90685740143419,-82.63747924955676,27926,58,36104,39,36169,39,36162,43,27998,54,N/A,N/A
42813,20.39383273957532,-81.35663294565325,24143,68,25107,59,34901,74,42294,69,33209,60,42427,73
42827,16.078622633233103,-84.77625670509288,37159,19,27848,41,24814,32,11192,18,11193,12,11194,11
42849,16.03609965084266,-86.72826679738523,40711,23,11210,22,11211,13,11212,11,11213,13,11214,16
42855,21.756399006173453,-77.32847709171146,36207,8,42888,13,22833,3,22834,5,22832,6,N/A,N/A
42888,21.934018544044854,-77.48456743494286,25248,33,40898,18,34118,32,42855,13,36207,21,22834,12
42962,24.408031967579067,-80.60178677804979,36850,59,35605,53,27926,56,N/A,N/A,N/A,N/A,N/A,N/A
43082,24.55958943691673,-78.66492541404658,35605,55,28179,57,24564,57,N/A,N/A,N/A,N/A,N/A,N/A
43085,23.13762730274173,-89.65718870661247,43191,46,29998,46,28198,42,N/A,N/A,N/A,N/A,N/A,N/A
43191,22.896282342709465,-88.84866773512023,28198,48,43367,45,43085,46,29998,54,33432,52,31643,47
43197,21.31329191852929,-68.2670773657213,29456,39,32558,36,26156,46,29140,45,N/A,N/A,N/A,N/A
43209,18.834423769803774,-75.36197623916901,35288,50,31497,51,36953,50,35021,47,24694,53,N/A,N/A
43245,17.036689558368437,-68.98676180840765,24896,43,27889,49,30234,53,31179,55,43270,42,N/A,N/A
43257,21.09090484615648,-82.03610835520152,43281,39,42427,53,34901,55,42813,56,27356,41,N/A,N/A
43270,16.999937696298417,-69.72721287313446,24896,49,31179,58,43245,42,24847,44,27892,58,35316,47
43281,21.235581810187416,-82.72255244424939,31216,50,43257,39,42427,48,37763,40,27356,43,N/A,N/A
43315,17.4018208052887,-72.5879908732446,24810,58,38186,36,24812,49,40429,37,36242,38,24725,50
43367,22.485579503593993,-88.15559201193828,28035,54,41610,43,43191,45,33432,57,31643,41,36798,45
43428,19.7027710875984,-69.88678238028399,40287,20,25635,30,23396,11,23397,9,23398,9,23399,13
